[debug] [2026-03-26T17:48:39.199Z] ----------------------------------------------------------------------
[debug] [2026-03-26T17:48:39.201Z] Command:       /home/davi.queiroz/.nvm/versions/node/v20.20.1/bin/node /home/davi.queiroz/.nvm/versions/node/v20.20.1/bin/firebase emulators:start --only functions,firestore,auth
[debug] [2026-03-26T17:48:39.201Z] CLI Version:   15.11.0
[debug] [2026-03-26T17:48:39.201Z] Platform:      linux
[debug] [2026-03-26T17:48:39.201Z] Node Version:  v20.20.1
[debug] [2026-03-26T17:48:39.201Z] Time:          Thu Mar 26 2026 14:48:39 GMT-0300 (Horário Padrão de Brasília)
[debug] [2026-03-26T17:48:39.202Z] ----------------------------------------------------------------------
[debug] 
[debug] [2026-03-26T17:48:40.370Z] > command requires scopes: ["email","openid","https://www.googleapis.com/auth/cloudplatformprojects.readonly","https://www.googleapis.com/auth/firebase","https://www.googleapis.com/auth/cloud-platform"]
[debug] [2026-03-26T17:48:40.370Z] > authorizing via signed-in user (123daviqueiroz123@gmail.com)
[debug] [2026-03-26T17:48:40.521Z] openjdk version "21.0.10" 2026-01-20
OpenJDK Runtime Environment (build 21.0.10+7-Ubuntu-125.10)

[debug] [2026-03-26T17:48:40.521Z] OpenJDK 64-Bit Server VM (build 21.0.10+7-Ubuntu-125.10, mixed mode, sharing)

[debug] [2026-03-26T17:48:40.529Z] Parsed Java major version: 21
[info] i  emulators: Starting emulators: auth, functions, firestore {"metadata":{"emulator":{"name":"hub"},"message":"Starting emulators: auth, functions, firestore"}}
[debug] [2026-03-26T17:48:40.533Z] [logging] Logging Emulator only supports listening on one address (127.0.0.1). Not listening on ::1
[debug] [2026-03-26T17:48:40.533Z] [auth] Authentication Emulator only supports listening on one address (127.0.0.1). Not listening on ::1
[debug] [2026-03-26T17:48:40.533Z] [firestore] Firestore Emulator only supports listening on one address (127.0.0.1). Not listening on ::1
[debug] [2026-03-26T17:48:40.533Z] [firestore.websocket] websocket server for firestore only supports listening on one address (127.0.0.1). Not listening on ::1
[debug] [2026-03-26T17:48:40.533Z] assigned listening specs for emulators {"user":{"hub":[{"address":"127.0.0.1","family":"IPv4","port":4400},{"address":"::1","family":"IPv6","port":4400}],"ui":[{"address":"127.0.0.1","family":"IPv4","port":4000},{"address":"::1","family":"IPv6","port":4000}],"logging":[{"address":"127.0.0.1","family":"IPv4","port":4500}],"auth":[{"address":"127.0.0.1","family":"IPv4","port":9099}],"firestore":[{"address":"127.0.0.1","family":"IPv4","port":8080}],"firestore.websocket":[{"address":"127.0.0.1","family":"IPv4","port":9150}]},"metadata":{"message":"assigned listening specs for emulators"}}
[debug] [2026-03-26T17:48:40.537Z] Write emulator hub locator at /tmp/hub-projeto-nexus-62ebb.json
[debug] [2026-03-26T17:48:40.541Z] [functions] Functions Emulator only supports listening on one address (127.0.0.1). Not listening on ::1
[debug] [2026-03-26T17:48:40.541Z] [eventarc] Eventarc Emulator only supports listening on one address (127.0.0.1). Not listening on ::1
[debug] [2026-03-26T17:48:40.541Z] [tasks] Cloud Tasks Emulator only supports listening on one address (127.0.0.1). Not listening on ::1
[debug] [2026-03-26T17:48:40.541Z] late-assigned ports for functions and eventarc emulators {"user":{"hub":[{"address":"127.0.0.1","family":"IPv4","port":4400},{"address":"::1","family":"IPv6","port":4400}],"ui":[{"address":"127.0.0.1","family":"IPv4","port":4000},{"address":"::1","family":"IPv6","port":4000}],"logging":[{"address":"127.0.0.1","family":"IPv4","port":4500}],"auth":[{"address":"127.0.0.1","family":"IPv4","port":9099}],"firestore":[{"address":"127.0.0.1","family":"IPv4","port":8080}],"firestore.websocket":[{"address":"127.0.0.1","family":"IPv4","port":9150}],"functions":[{"address":"127.0.0.1","family":"IPv4","port":5001}],"eventarc":[{"address":"127.0.0.1","family":"IPv4","port":9299}],"tasks":[{"address":"127.0.0.1","family":"IPv4","port":9499}]},"metadata":{"message":"late-assigned ports for functions and eventarc emulators"}}
[warn] ⚠  functions: The following emulators are not running, calls to these services from the Functions emulator will affect production: apphosting, database, hosting, pubsub, storage, dataconnect {"metadata":{"emulator":{"name":"functions"},"message":"The following emulators are not running, calls to these services from the Functions emulator will affect production: \u001b[1mapphosting, database, hosting, pubsub, storage, dataconnect\u001b[22m"}}
[debug] [2026-03-26T17:48:40.553Z] defaultcredentials: writing to file /home/davi.queiroz/.config/firebase/123daviqueiroz123_gmail_com_application_default_credentials.json
[debug] [2026-03-26T17:48:40.555Z] Setting GAC to /home/davi.queiroz/.config/firebase/123daviqueiroz123_gmail_com_application_default_credentials.json {"metadata":{"emulator":{"name":"functions"},"message":"Setting GAC to /home/davi.queiroz/.config/firebase/123daviqueiroz123_gmail_com_application_default_credentials.json"}}
[debug] [2026-03-26T17:48:40.556Z] Checked if tokens are valid: true, expires at: 1774550236036
[debug] [2026-03-26T17:48:40.556Z] Checked if tokens are valid: true, expires at: 1774550236036
[debug] [2026-03-26T17:48:40.557Z] >>> [apiv2][query] GET https://firebase.googleapis.com/v1beta1/projects/projeto-nexus-62ebb/adminSdkConfig [none]
[debug] [2026-03-26T17:48:41.087Z] <<< [apiv2][status] GET https://firebase.googleapis.com/v1beta1/projects/projeto-nexus-62ebb/adminSdkConfig 403
[debug] [2026-03-26T17:48:41.088Z] <<< [apiv2][body] GET https://firebase.googleapis.com/v1beta1/projects/projeto-nexus-62ebb/adminSdkConfig {"error":{"code":403,"message":"The caller does not have permission","status":"PERMISSION_DENIED"}}
[debug] [2026-03-26T17:48:41.088Z] Failed to get Admin SDK config for projeto-nexus-62ebb, falling back to cache Failed to get Admin SDK for Firebase project projeto-nexus-62ebb. Please make sure the project exists and your account has permission to access it. {"name":"FirebaseError","children":[],"exit":2,"message":"Failed to get Admin SDK for Firebase project projeto-nexus-62ebb. Please make sure the project exists and your account has permission to access it.","original":{"name":"FirebaseError","children":[],"context":{"body":{"error":{"code":403,"message":"The caller does not have permission","status":"PERMISSION_DENIED"}},"response":{"statusCode":403}},"exit":1,"message":"Request to https://firebase.googleapis.com/v1beta1/projects/projeto-nexus-62ebb/adminSdkConfig had HTTP Error: 403, The caller does not have permission","status":403},"status":500}
[warn] ⚠  functions: Unable to fetch project Admin SDK configuration, Admin SDK behavior in Cloud Functions emulator may be incorrect. {"metadata":{"emulator":{"name":"functions"},"message":"Unable to fetch project Admin SDK configuration, Admin SDK behavior in Cloud Functions emulator may be incorrect."}}
[warn] ⚠  firestore: Cloud Firestore Emulator does not support multiple databases yet. {"metadata":{"emulator":{"name":"firestore"},"message":"Cloud Firestore Emulator does not support multiple databases yet."}}
[warn] ⚠  firestore: Did not find a Cloud Firestore rules file specified in a firebase.json config file. {"metadata":{"emulator":{"name":"firestore"},"message":"Did not find a Cloud Firestore rules file specified in a firebase.json config file."}}
[warn] ⚠  firestore: The emulator will default to allowing all reads and writes. Learn more about this option: https://firebase.google.com/docs/emulator-suite/install_and_configure#security_rules_configuration. {"metadata":{"emulator":{"name":"firestore"},"message":"The emulator will default to allowing all reads and writes. Learn more about this option: https://firebase.google.com/docs/emulator-suite/install_and_configure#security_rules_configuration."}}
[debug] [2026-03-26T17:48:41.098Z] Ignoring unsupported arg: auto_download {"metadata":{"emulator":{"name":"firestore"},"message":"Ignoring unsupported arg: auto_download"}}
[debug] [2026-03-26T17:48:41.098Z] Ignoring unsupported arg: single_project_mode_error {"metadata":{"emulator":{"name":"firestore"},"message":"Ignoring unsupported arg: single_project_mode_error"}}
[debug] [2026-03-26T17:48:41.099Z] Starting Firestore Emulator with command {"binary":"java","args":["-Dgoogle.cloud_firestore.debug_log_level=FINE","-Duser.language=en","-jar","/home/davi.queiroz/.cache/firebase/emulators/cloud-firestore-emulator-v1.20.4.jar","--host","127.0.0.1","--port",8080,"--websocket_port",9150,"--project_id","projeto-nexus-62ebb","--single_project_mode",true,"--functions_emulator","127.0.0.1:5001"],"optionalArgs":["port","webchannel_port","host","rules","websocket_port","functions_emulator","seed_from_export","project_id","single_project_mode"],"joinArgs":false,"shell":false,"port":8080} {"metadata":{"emulator":{"name":"firestore"},"message":"Starting Firestore Emulator with command {\"binary\":\"java\",\"args\":[\"-Dgoogle.cloud_firestore.debug_log_level=FINE\",\"-Duser.language=en\",\"-jar\",\"/home/davi.queiroz/.cache/firebase/emulators/cloud-firestore-emulator-v1.20.4.jar\",\"--host\",\"127.0.0.1\",\"--port\",8080,\"--websocket_port\",9150,\"--project_id\",\"projeto-nexus-62ebb\",\"--single_project_mode\",true,\"--functions_emulator\",\"127.0.0.1:5001\"],\"optionalArgs\":[\"port\",\"webchannel_port\",\"host\",\"rules\",\"websocket_port\",\"functions_emulator\",\"seed_from_export\",\"project_id\",\"single_project_mode\"],\"joinArgs\":false,\"shell\":false,\"port\":8080}"}}
[info] i  firestore: Firestore Emulator logging to firestore-debug.log {"metadata":{"emulator":{"name":"firestore"},"message":"Firestore Emulator logging to \u001b[1mfirestore-debug.log\u001b[22m"}}
[debug] [2026-03-26T17:48:42.219Z] Mar 26, 2026 2:48:42 PM com.google.cloud.datastore.emulator.firestore.websocket.WebSocketServer start
INFO: Started WebSocket server on ws://127.0.0.1:9150
 {"metadata":{"emulator":{"name":"firestore"},"message":"Mar 26, 2026 2:48:42 PM com.google.cloud.datastore.emulator.firestore.websocket.WebSocketServer start\nINFO: Started WebSocket server on ws://127.0.0.1:9150\n"}}
[debug] [2026-03-26T17:48:42.260Z] 
API endpoint: http:// {"metadata":{"emulator":{"name":"firestore"},"message":"\nAPI endpoint: http://"}}
[debug] [2026-03-26T17:48:42.260Z] 127.0.0.1:8080
Database Edition: STANDARD
Database Mode: CLOUD_FIRESTORE

If you are using a library that supports the FIRESTORE_EMULATOR_HOST environment variable, run:

   export FIRESTORE_EMULATOR_HOST=127.0.0.1:8080

If you are running a Firestore in Datastore Mode project, run:

   export DATASTORE_EMULATOR_HOST=127.0.0.1:8080

Note: Support for Datastore Mode is in preview. If you encounter any bugs please file at https://github.com/firebase/firebase-tools/issues.
Dev App Server is now running.

 {"metadata":{"emulator":{"name":"firestore"},"message":"127.0.0.1:8080\nDatabase Edition: STANDARD\nDatabase Mode: CLOUD_FIRESTORE\n\nIf you are using a library that supports the FIRESTORE_EMULATOR_HOST environment variable, run:\n\n   export FIRESTORE_EMULATOR_HOST=127.0.0.1:8080\n\nIf you are running a Firestore in Datastore Mode project, run:\n\n   export DATASTORE_EMULATOR_HOST=127.0.0.1:8080\n\nNote: Support for Datastore Mode is in preview. If you encounter any bugs please file at https://github.com/firebase/firebase-tools/issues.\nDev App Server is now running.\n\n"}}
[info] ✔  firestore: Firestore Emulator UI websocket is running on 9150. {"metadata":{"emulator":{"name":"firestore"},"message":"Firestore Emulator UI websocket is running on 9150."}}
[info] i  functions: Watching "/home/davi.queiroz/projetos_davi/nexus-web/cloud-functions" for Cloud Functions... {"metadata":{"emulator":{"name":"functions"},"message":"Watching \"/home/davi.queiroz/projetos_davi/nexus-web/cloud-functions\" for Cloud Functions..."}}
[debug] [2026-03-26T17:48:48.010Z] Validating nodejs source
[warn] ⚠  functions: package.json indicates an outdated version of firebase-functions. Please upgrade using npm install --save firebase-functions@latest in your functions directory. 
[warn] ⚠  functions: Please note that there will be breaking changes when you upgrade. 
[debug] [2026-03-26T17:48:48.803Z] > [functions] package.json contents: {
  "name": "nexus-cloud-functions",
  "version": "1.0.0",
  "description": "Cloud Functions para Nexus Platform",
  "main": "lib/index.js",
  "scripts": {
    "build": "tsc",
    "serve": "npm run build && firebase emulators:start --only functions",
    "shell": "npm run build && firebase functions:shell",
    "start": "npm run shell",
    "deploy": "firebase deploy --only functions",
    "logs": "firebase functions:log",
    "clean": "rimraf lib",
    "prebuild": "npm run clean"
  },
  "engines": {
    "node": "18"
  },
  "dependencies": {
    "cors": "^2.8.5",
    "dayjs": "^1.11.10",
    "firebase-admin": "^12.7.0",
    "firebase-functions": "^5.1.1",
    "node-cron": "^3.0.2"
  },
  "devDependencies": {
    "@types/cors": "^2.8.17",
    "@types/node-cron": "^3.0.8",
    "firebase-functions-test": "^3.1.0",
    "rimraf": "^5.0.5",
    "typescript": "^5.3.0"
  },
  "private": true
}
[debug] [2026-03-26T17:48:48.804Z] Building nodejs source
[debug] [2026-03-26T17:48:48.804Z] Failed to find version of module node: reached end of search path /home/davi.queiroz/projetos_davi/nexus-web/cloud-functions/node_modules
[warn] ⚠  functions: Your requested "node" version "18" doesn't match your global version "20". Using node@20 from host. 
[debug] [2026-03-26T17:48:48.808Z] Could not find functions.yaml. Must use http discovery
[debug] [2026-03-26T17:48:48.811Z] Found firebase-functions binary at '/home/davi.queiroz/projetos_davi/nexus-web/cloud-functions/node_modules/.bin/firebase-functions'
[info] Serving at port 8549

[debug] [2026-03-26T17:48:49.338Z] Got response from /__/functions.yaml {"endpoints":{"healthCheck":{"platform":"gcfv1","availableMemoryMb":null,"timeoutSeconds":null,"minInstances":null,"maxInstances":null,"ingressSettings":null,"serviceAccountEmail":null,"vpc":null,"region":["southamerica-east1"],"httpsTrigger":{},"entryPoint":"healthCheck"},"dailyReminderScheduler":{"platform":"gcfv1","availableMemoryMb":null,"timeoutSeconds":null,"minInstances":null,"maxInstances":null,"ingressSettings":null,"serviceAccountEmail":null,"vpc":null,"region":["southamerica-east1"],"scheduleTrigger":{"schedule":"0 8 * * *","retryConfig":{"retryCount":null,"maxDoublings":null,"maxRetryDuration":null,"maxBackoffDuration":null,"minBackoffDuration":null},"timeZone":"America/Sao_Paulo"},"labels":{},"entryPoint":"dailyReminderScheduler"},"sendPushNotification":{"platform":"gcfv1","availableMemoryMb":null,"timeoutSeconds":null,"minInstances":null,"maxInstances":null,"ingressSettings":null,"serviceAccountEmail":null,"vpc":null,"region":["southamerica-east1"],"httpsTrigger":{},"entryPoint":"sendPushNotification"},"saveUserFCMToken":{"platform":"gcfv1","labels":{},"availableMemoryMb":null,"timeoutSeconds":null,"minInstances":null,"maxInstances":null,"ingressSettings":null,"serviceAccountEmail":null,"vpc":null,"region":["southamerica-east1"],"callableTrigger":{},"entryPoint":"saveUserFCMToken"},"removeUserFCMToken":{"platform":"gcfv1","labels":{},"availableMemoryMb":null,"timeoutSeconds":null,"minInstances":null,"maxInstances":null,"ingressSettings":null,"serviceAccountEmail":null,"vpc":null,"region":["southamerica-east1"],"callableTrigger":{},"entryPoint":"removeUserFCMToken"},"cleanupOldTokens":{"platform":"gcfv1","availableMemoryMb":null,"timeoutSeconds":null,"minInstances":null,"maxInstances":null,"ingressSettings":null,"serviceAccountEmail":null,"vpc":null,"region":["southamerica-east1"],"scheduleTrigger":{"schedule":"every 24 hours","retryConfig":{"retryCount":null,"maxDoublings":null,"maxRetryDuration":null,"maxBackoffDuration":null,"minBackoffDuration":null},"timeZone":"America/Sao_Paulo"},"labels":{},"entryPoint":"cleanupOldTokens"}},"specVersion":"v1alpha1","requiredAPIs":[{"api":"cloudscheduler.googleapis.com","reason":"Needed for scheduled functions."}],"extensions":{}}
[info] ✔  functions: Loaded functions definitions from source: healthCheck, dailyReminderScheduler, sendPushNotification, saveUserFCMToken, removeUserFCMToken, cleanupOldTokens. {"metadata":{"emulator":{"name":"functions"},"message":"Loaded functions definitions from source: healthCheck, dailyReminderScheduler, sendPushNotification, saveUserFCMToken, removeUserFCMToken, cleanupOldTokens."}}
[info] ✔  functions[southamerica-east1-healthCheck]: http function initialized (http://127.0.0.1:5001/projeto-nexus-62ebb/southamerica-east1/healthCheck). {"metadata":{"emulator":{"name":"functions"},"message":"\u001b[1mhttp\u001b[22m function initialized (http://127.0.0.1:5001/projeto-nexus-62ebb/southamerica-east1/healthCheck)."}}
[info] i  functions[southamerica-east1-dailyReminderScheduler]: function ignored because the pubsub emulator does not exist or is not running. {"metadata":{"emulator":{"name":"functions"},"message":"function ignored because the pubsub emulator does not exist or is not running."}}
[info] ✔  functions[southamerica-east1-sendPushNotification]: http function initialized (http://127.0.0.1:5001/projeto-nexus-62ebb/southamerica-east1/sendPushNotification). {"metadata":{"emulator":{"name":"functions"},"message":"\u001b[1mhttp\u001b[22m function initialized (http://127.0.0.1:5001/projeto-nexus-62ebb/southamerica-east1/sendPushNotification)."}}
[info] ✔  functions[southamerica-east1-saveUserFCMToken]: http function initialized (http://127.0.0.1:5001/projeto-nexus-62ebb/southamerica-east1/saveUserFCMToken). {"metadata":{"emulator":{"name":"functions"},"message":"\u001b[1mhttp\u001b[22m function initialized (http://127.0.0.1:5001/projeto-nexus-62ebb/southamerica-east1/saveUserFCMToken)."}}
[info] ✔  functions[southamerica-east1-removeUserFCMToken]: http function initialized (http://127.0.0.1:5001/projeto-nexus-62ebb/southamerica-east1/removeUserFCMToken). {"metadata":{"emulator":{"name":"functions"},"message":"\u001b[1mhttp\u001b[22m function initialized (http://127.0.0.1:5001/projeto-nexus-62ebb/southamerica-east1/removeUserFCMToken)."}}
[info] i  functions[southamerica-east1-cleanupOldTokens]: function ignored because the pubsub emulator does not exist or is not running. {"metadata":{"emulator":{"name":"functions"},"message":"function ignored because the pubsub emulator does not exist or is not running."}}
[debug] [2026-03-26T17:48:53.367Z] Could not find VSCode notification endpoint: FetchError: request to http://localhost:40001/vscode/notify failed, reason: connect ECONNREFUSED 127.0.0.1:40001. If you are not running the Firebase Data Connect VSCode extension, this is expected and not an issue.
[info] 
┌─────────────────────────────────────────────────────────────┐
│ ✔  All emulators ready! It is now safe to connect your app. │
│ i  View Emulator UI at http://127.0.0.1:4000/               │
└─────────────────────────────────────────────────────────────┘

┌────────────────┬────────────────┬─────────────────────────────────┐
│ Emulator       │ Host:Port      │ View in Emulator UI             │
├────────────────┼────────────────┼─────────────────────────────────┤
│ Authentication │ 127.0.0.1:9099 │ http://127.0.0.1:4000/auth      │
├────────────────┼────────────────┼─────────────────────────────────┤
│ Functions      │ 127.0.0.1:5001 │ http://127.0.0.1:4000/functions │
├────────────────┼────────────────┼─────────────────────────────────┤
│ Firestore      │ 127.0.0.1:8080 │ http://127.0.0.1:4000/firestore │
└────────────────┴────────────────┴─────────────────────────────────┘
  Emulator Hub host: 127.0.0.1 port: 4400
  Other reserved ports: 4500, 9150

Issues? Report them at https://github.com/firebase/firebase-tools/issues and attach the *-debug.log files.
 
[warn] ⚠  Received a signed JWT. Auth Emulator does not validate JWTs and IS NOT SECURE {"metadata":{"emulator":{"name":"auth"},"message":"Received a signed JWT. Auth Emulator does not validate JWTs and IS NOT SECURE"}}
[debug] [2026-03-26T17:49:09.878Z] Mar 26, 2026 2:49:09 PM io.gapi.emulators.netty.HttpVersionRoutingHandler channelRead
INFO: Detected non-HTTP/2 connection.
 {"metadata":{"emulator":{"name":"firestore"},"message":"Mar 26, 2026 2:49:09 PM io.gapi.emulators.netty.HttpVersionRoutingHandler channelRead\nINFO: Detected non-HTTP/2 connection.\n"}}
[debug] [2026-03-26T17:49:10.769Z] Mar 26, 2026 2:49:10 PM io.gapi.emulators.netty.HttpVersionRoutingHandler channelRead
INFO: Detected non-HTTP/2 connection.
 {"metadata":{"emulator":{"name":"firestore"},"message":"Mar 26, 2026 2:49:10 PM io.gapi.emulators.netty.HttpVersionRoutingHandler channelRead\nINFO: Detected non-HTTP/2 connection.\n"}}
[debug] [2026-03-26T17:49:10.787Z] Mar 26, 2026 2:49:10 PM io.gapi.emulators.netty.HttpVersionRoutingHandler channelRead
INFO: Detected non-HTTP/2 connection.
 {"metadata":{"emulator":{"name":"firestore"},"message":"Mar 26, 2026 2:49:10 PM io.gapi.emulators.netty.HttpVersionRoutingHandler channelRead\nINFO: Detected non-HTTP/2 connection.\n"}}
[debug] [2026-03-26T17:49:10.787Z] Mar 26, 2026 2:49:10 PM io.gapi.emulators.netty.HttpVersionRoutingHandler channelRead
INFO: Detected non-HTTP/2 connection.
 {"metadata":{"emulator":{"name":"firestore"},"message":"Mar 26, 2026 2:49:10 PM io.gapi.emulators.netty.HttpVersionRoutingHandler channelRead\nINFO: Detected non-HTTP/2 connection.\n"}}
[debug] [2026-03-26T17:49:10.812Z] Mar 26, 2026 2:49:10 PM io.gapi.emulators.netty.HttpVersionRoutingHandler channelRead
INFO: Detected non-HTTP/2 connection.
 {"metadata":{"emulator":{"name":"firestore"},"message":"Mar 26, 2026 2:49:10 PM io.gapi.emulators.netty.HttpVersionRoutingHandler channelRead\nINFO: Detected non-HTTP/2 connection.\n"}}
[debug] [2026-03-26T17:49:10.825Z] Mar 26, 2026 2:49:10 PM io.gapi.emulators.netty.HttpVersionRoutingHandler channelRead
INFO: Detected non-HTTP/2 connection.
 {"metadata":{"emulator":{"name":"firestore"},"message":"Mar 26, 2026 2:49:10 PM io.gapi.emulators.netty.HttpVersionRoutingHandler channelRead\nINFO: Detected non-HTTP/2 connection.\n"}}
[debug] [2026-03-26T17:49:10.967Z] Mar 26, 2026 2:49:10 PM io.gapi.emulators.netty.HttpVersionRoutingHandler channelRead
INFO: Detected non-HTTP/2 connection.
 {"metadata":{"emulator":{"name":"firestore"},"message":"Mar 26, 2026 2:49:10 PM io.gapi.emulators.netty.HttpVersionRoutingHandler channelRead\nINFO: Detected non-HTTP/2 connection.\n"}}
[debug] [2026-03-26T17:49:20.718Z] Mar 26, 2026 2:49:20 PM io.gapi.emulators.netty.HttpVersionRoutingHandler channelRead
INFO: Detected non-HTTP/2 connection.
 {"metadata":{"emulator":{"name":"firestore"},"message":"Mar 26, 2026 2:49:20 PM io.gapi.emulators.netty.HttpVersionRoutingHandler channelRead\nINFO: Detected non-HTTP/2 connection.\n"}}
[debug] [2026-03-26T17:49:20.747Z] Mar 26, 2026 2:49:20 PM io.gapi.emulators.netty.HttpVersionRoutingHandler channelRead
INFO: Detected non-HTTP/2 connection.
 {"metadata":{"emulator":{"name":"firestore"},"message":"Mar 26, 2026 2:49:20 PM io.gapi.emulators.netty.HttpVersionRoutingHandler channelRead\nINFO: Detected non-HTTP/2 connection.\n"}}
[debug] [2026-03-26T17:49:20.748Z] Mar 26, 2026 2:49:20 PM io.gapi.emulators.netty.HttpVersionRoutingHandler channelRead
INFO: Detected non-HTTP/2 connection.
 {"metadata":{"emulator":{"name":"firestore"},"message":"Mar 26, 2026 2:49:20 PM io.gapi.emulators.netty.HttpVersionRoutingHandler channelRead\nINFO: Detected non-HTTP/2 connection.\n"}}
[debug] [2026-03-26T17:49:20.782Z] Mar 26, 2026 2:49:20 PM io.gapi.emulators.netty.HttpVersionRoutingHandler channelRead
INFO: Detected non-HTTP/2 connection.
 {"metadata":{"emulator":{"name":"firestore"},"message":"Mar 26, 2026 2:49:20 PM io.gapi.emulators.netty.HttpVersionRoutingHandler channelRead\nINFO: Detected non-HTTP/2 connection.\n"}}
[debug] [2026-03-26T17:49:30.739Z] Mar 26, 2026 2:49:30 PM io.gapi.emulators.netty.HttpVersionRoutingHandler channelRead
INFO: Detected non-HTTP/2 connection.
 {"metadata":{"emulator":{"name":"firestore"},"message":"Mar 26, 2026 2:49:30 PM io.gapi.emulators.netty.HttpVersionRoutingHandler channelRead\nINFO: Detected non-HTTP/2 connection.\n"}}
[debug] [2026-03-26T17:49:30.761Z] Mar 26, 2026 2:49:30 PM io.gapi.emulators.netty.HttpVersionRoutingHandler channelRead
INFO: Detected non-HTTP/2 connection.
 {"metadata":{"emulator":{"name":"firestore"},"message":"Mar 26, 2026 2:49:30 PM io.gapi.emulators.netty.HttpVersionRoutingHandler channelRead\nINFO: Detected non-HTTP/2 connection.\n"}}
[debug] [2026-03-26T17:49:30.762Z] Mar 26, 2026 2:49:30 PM io.gapi.emulators.netty.HttpVersionRoutingHandler channelRead
INFO: Detected non-HTTP/2 connection.
 {"metadata":{"emulator":{"name":"firestore"},"message":"Mar 26, 2026 2:49:30 PM io.gapi.emulators.netty.HttpVersionRoutingHandler channelRead\nINFO: Detected non-HTTP/2 connection.\n"}}
[debug] [2026-03-26T17:49:30.792Z] Mar 26, 2026 2:49:30 PM io.gapi.emulators.netty.HttpVersionRoutingHandler channelRead
INFO: Detected non-HTTP/2 connection.
 {"metadata":{"emulator":{"name":"firestore"},"message":"Mar 26, 2026 2:49:30 PM io.gapi.emulators.netty.HttpVersionRoutingHandler channelRead\nINFO: Detected non-HTTP/2 connection.\n"}}
[debug] [2026-03-26T17:49:32.089Z] Mar 26, 2026 2:49:32 PM io.gapi.emulators.netty.HttpVersionRoutingHandler channelRead
INFO: Detected non-HTTP/2 connection.
 {"metadata":{"emulator":{"name":"firestore"},"message":"Mar 26, 2026 2:49:32 PM io.gapi.emulators.netty.HttpVersionRoutingHandler channelRead\nINFO: Detected non-HTTP/2 connection.\n"}}
[debug] [2026-03-26T17:49:32.109Z] Mar 26, 2026 2:49:32 PM io.gapi.emulators.netty.HttpVersionRoutingHandler channelRead
INFO: Detected non-HTTP/2 connection.
 {"metadata":{"emulator":{"name":"firestore"},"message":"Mar 26, 2026 2:49:32 PM io.gapi.emulators.netty.HttpVersionRoutingHandler channelRead\nINFO: Detected non-HTTP/2 connection.\n"}}
[debug] [2026-03-26T17:49:32.110Z] Mar 26, 2026 2:49:32 PM io.gapi.emulators.netty.HttpVersionRoutingHandler channelRead
INFO: Detected non-HTTP/2 connection.
 {"metadata":{"emulator":{"name":"firestore"},"message":"Mar 26, 2026 2:49:32 PM io.gapi.emulators.netty.HttpVersionRoutingHandler channelRead\nINFO: Detected non-HTTP/2 connection.\n"}}
[debug] [2026-03-26T17:49:32.135Z] Mar 26, 2026 2:49:32 PM io.gapi.emulators.netty.HttpVersionRoutingHandler channelRead
INFO: Detected non-HTTP/2 connection.
 {"metadata":{"emulator":{"name":"firestore"},"message":"Mar 26, 2026 2:49:32 PM io.gapi.emulators.netty.HttpVersionRoutingHandler channelRead\nINFO: Detected non-HTTP/2 connection.\n"}}
[debug] [2026-03-26T17:49:36.834Z] Mar 26, 2026 2:49:36 PM io.gapi.emulators.netty.HttpVersionRoutingHandler channelRead
INFO: Detected non-HTTP/2 connection.
 {"metadata":{"emulator":{"name":"firestore"},"message":"Mar 26, 2026 2:49:36 PM io.gapi.emulators.netty.HttpVersionRoutingHandler channelRead\nINFO: Detected non-HTTP/2 connection.\n"}}
[debug] [2026-03-26T17:49:36.856Z] Mar 26, 2026 2:49:36 PM io.gapi.emulators.netty.HttpVersionRoutingHandler channelRead
INFO: Detected non-HTTP/2 connection.
 {"metadata":{"emulator":{"name":"firestore"},"message":"Mar 26, 2026 2:49:36 PM io.gapi.emulators.netty.HttpVersionRoutingHandler channelRead\nINFO: Detected non-HTTP/2 connection.\n"}}
[debug] [2026-03-26T17:49:36.856Z] Mar 26, 2026 2:49:36 PM io.gapi.emulators.netty.HttpVersionRoutingHandler channelRead
INFO: Detected non-HTTP/2 connection.
 {"metadata":{"emulator":{"name":"firestore"},"message":"Mar 26, 2026 2:49:36 PM io.gapi.emulators.netty.HttpVersionRoutingHandler channelRead\nINFO: Detected non-HTTP/2 connection.\n"}}
[debug] [2026-03-26T17:49:36.882Z] Mar 26, 2026 2:49:36 PM io.gapi.emulators.netty.HttpVersionRoutingHandler channelRead
INFO: Detected non-HTTP/2 connection.
 {"metadata":{"emulator":{"name":"firestore"},"message":"Mar 26, 2026 2:49:36 PM io.gapi.emulators.netty.HttpVersionRoutingHandler channelRead\nINFO: Detected non-HTTP/2 connection.\n"}}
[debug] [2026-03-26T17:49:42.437Z] Mar 26, 2026 2:49:42 PM io.gapi.emulators.netty.HttpVersionRoutingHandler channelRead
INFO: Detected non-HTTP/2 connection.
 {"metadata":{"emulator":{"name":"firestore"},"message":"Mar 26, 2026 2:49:42 PM io.gapi.emulators.netty.HttpVersionRoutingHandler channelRead\nINFO: Detected non-HTTP/2 connection.\n"}}
[debug] [2026-03-26T17:49:42.454Z] Mar 26, 2026 2:49:42 PM io.gapi.emulators.netty.HttpVersionRoutingHandler channelRead
INFO: Detected non-HTTP/2 connection.
 {"metadata":{"emulator":{"name":"firestore"},"message":"Mar 26, 2026 2:49:42 PM io.gapi.emulators.netty.HttpVersionRoutingHandler channelRead\nINFO: Detected non-HTTP/2 connection.\n"}}
[debug] [2026-03-26T17:49:42.455Z] Mar 26, 2026 2:49:42 PM io.gapi.emulators.netty.HttpVersionRoutingHandler channelRead
INFO: Detected non-HTTP/2 connection.
 {"metadata":{"emulator":{"name":"firestore"},"message":"Mar 26, 2026 2:49:42 PM io.gapi.emulators.netty.HttpVersionRoutingHandler channelRead\nINFO: Detected non-HTTP/2 connection.\n"}}
[debug] [2026-03-26T17:49:42.480Z] Mar 26, 2026 2:49:42 PM io.gapi.emulators.netty.HttpVersionRoutingHandler channelRead
INFO: Detected non-HTTP/2 connection.
 {"metadata":{"emulator":{"name":"firestore"},"message":"Mar 26, 2026 2:49:42 PM io.gapi.emulators.netty.HttpVersionRoutingHandler channelRead\nINFO: Detected non-HTTP/2 connection.\n"}}
[debug] [2026-03-26T17:50:24.197Z] Mar 26, 2026 2:50:24 PM io.gapi.emulators.netty.HttpVersionRoutingHandler channelRead
INFO: Detected non-HTTP/2 connection.
 {"metadata":{"emulator":{"name":"firestore"},"message":"Mar 26, 2026 2:50:24 PM io.gapi.emulators.netty.HttpVersionRoutingHandler channelRead\nINFO: Detected non-HTTP/2 connection.\n"}}
[debug] [2026-03-26T17:50:24.211Z] Mar 26, 2026 2:50:24 PM io.gapi.emulators.netty.HttpVersionRoutingHandler channelRead
INFO: Detected non-HTTP/2 connection.
 {"metadata":{"emulator":{"name":"firestore"},"message":"Mar 26, 2026 2:50:24 PM io.gapi.emulators.netty.HttpVersionRoutingHandler channelRead\nINFO: Detected non-HTTP/2 connection.\n"}}
[debug] [2026-03-26T17:50:24.221Z] Mar 26, 2026 2:50:24 PM io.gapi.emulators.netty.HttpVersionRoutingHandler channelRead
INFO: Detected non-HTTP/2 connection.
 {"metadata":{"emulator":{"name":"firestore"},"message":"Mar 26, 2026 2:50:24 PM io.gapi.emulators.netty.HttpVersionRoutingHandler channelRead\nINFO: Detected non-HTTP/2 connection.\n"}}
[debug] [2026-03-26T17:50:24.229Z] Mar 26, 2026 2:50:24 PM io.gapi.emulators.netty.HttpVersionRoutingHandler channelRead
INFO: Detected non-HTTP/2 connection.
 {"metadata":{"emulator":{"name":"firestore"},"message":"Mar 26, 2026 2:50:24 PM io.gapi.emulators.netty.HttpVersionRoutingHandler channelRead\nINFO: Detected non-HTTP/2 connection.\n"}}
[debug] [2026-03-26T17:50:24.243Z] Mar 26, 2026 2:50:24 PM io.gapi.emulators.netty.HttpVersionRoutingHandler channelRead
INFO: Detected non-HTTP/2 connection.
 {"metadata":{"emulator":{"name":"firestore"},"message":"Mar 26, 2026 2:50:24 PM io.gapi.emulators.netty.HttpVersionRoutingHandler channelRead\nINFO: Detected non-HTTP/2 connection.\n"}}
[debug] [2026-03-26T17:50:24.257Z] Mar 26, 2026 2:50:24 PM io.gapi.emulators.netty.HttpVersionRoutingHandler channelRead
INFO: Detected non-HTTP/2 connection.
 {"metadata":{"emulator":{"name":"firestore"},"message":"Mar 26, 2026 2:50:24 PM io.gapi.emulators.netty.HttpVersionRoutingHandler channelRead\nINFO: Detected non-HTTP/2 connection.\n"}}
[debug] [2026-03-26T17:50:24.274Z] >>> [apiv2][query] POST http://127.0.0.1:5001/functions/projects/projeto-nexus-62ebb/trigger_multicast [none]
[debug] [2026-03-26T17:50:24.275Z] >>> [apiv2][body] POST http://127.0.0.1:5001/functions/projects/projeto-nexus-62ebb/trigger_multicast {"eventId":"b06954d9-ac12-49c3-b04c-7849729bdaed","eventType":"providers/firebase.auth/eventTypes/user.create","resource":{"name":"projects/projeto-nexus-62ebb","service":"firebaseauth.googleapis.com"},"params":{},"timestamp":"2026-03-26T17:50:24.274Z","data":{"uid":"I1ZxPOnQziJHYpcSmIqebU3FQCb1","email":"teste3@gmail.com","emailVerified":false,"metadata":{"creationTime":"2026-03-26T17:50:24.273Z","lastSignInTime":"2026-03-26T17:50:24.273Z"},"customClaims":{},"providerData":[{"rawId":"teste3@gmail.com","providerId":"password","email":"teste3@gmail.com","federatedId":"teste3@gmail.com"}]}}
[debug] [2026-03-26T17:50:24.280Z] Mar 26, 2026 2:50:24 PM io.gapi.emulators.netty.HttpVersionRoutingHandler channelRead
INFO: Detected non-HTTP/2 connection.
 {"metadata":{"emulator":{"name":"firestore"},"message":"Mar 26, 2026 2:50:24 PM io.gapi.emulators.netty.HttpVersionRoutingHandler channelRead\nINFO: Detected non-HTTP/2 connection.\n"}}
[debug] [2026-03-26T17:50:24.283Z] <<< [apiv2][status] POST http://127.0.0.1:5001/functions/projects/projeto-nexus-62ebb/trigger_multicast 200
[debug] [2026-03-26T17:50:24.283Z] <<< [apiv2][body] POST http://127.0.0.1:5001/functions/projects/projeto-nexus-62ebb/trigger_multicast {"status":"multicast_acknowledged"}
[debug] [2026-03-26T17:50:24.294Z] Mar 26, 2026 2:50:24 PM io.gapi.emulators.netty.HttpVersionRoutingHandler channelRead
INFO: Detected non-HTTP/2 connection.
 {"metadata":{"emulator":{"name":"firestore"},"message":"Mar 26, 2026 2:50:24 PM io.gapi.emulators.netty.HttpVersionRoutingHandler channelRead\nINFO: Detected non-HTTP/2 connection.\n"}}
[debug] [2026-03-26T17:50:24.296Z] Mar 26, 2026 2:50:24 PM io.gapi.emulators.netty.HttpVersionRoutingHandler channelRead
INFO: Detected non-HTTP/2 connection.
 {"metadata":{"emulator":{"name":"firestore"},"message":"Mar 26, 2026 2:50:24 PM io.gapi.emulators.netty.HttpVersionRoutingHandler channelRead\nINFO: Detected non-HTTP/2 connection.\n"}}
[debug] [2026-03-26T17:50:24.298Z] Mar 26, 2026 2:50:24 PM com.google.cloud.datastore.emulator.firestore.webchannel.FirestoreV1WebChannelAdapter$FirestoreListenHandler onClose
INFO: channel closed
 {"metadata":{"emulator":{"name":"firestore"},"message":"Mar 26, 2026 2:50:24 PM com.google.cloud.datastore.emulator.firestore.webchannel.FirestoreV1WebChannelAdapter$FirestoreListenHandler onClose\nINFO: channel closed\n"}}
[debug] [2026-03-26T17:50:24.305Z] Mar 26, 2026 2:50:24 PM io.gapi.emulators.netty.HttpVersionRoutingHandler channelRead
INFO: Detected non-HTTP/2 connection.
Mar 26, 2026 2:50:24 PM com.google.cloud.datastore.emulator.firestore.webchannel.FirestoreV1WebChannelAdapter$FirestoreWriteHandler onClose
INFO: channel closed
 {"metadata":{"emulator":{"name":"firestore"},"message":"Mar 26, 2026 2:50:24 PM io.gapi.emulators.netty.HttpVersionRoutingHandler channelRead\nINFO: Detected non-HTTP/2 connection.\nMar 26, 2026 2:50:24 PM com.google.cloud.datastore.emulator.firestore.webchannel.FirestoreV1WebChannelAdapter$FirestoreWriteHandler onClose\nINFO: channel closed\n"}}
[debug] [2026-03-26T17:50:24.312Z] Mar 26, 2026 2:50:24 PM io.gapi.emulators.netty.HttpVersionRoutingHandler channelRead
INFO: Detected non-HTTP/2 connection.
 {"metadata":{"emulator":{"name":"firestore"},"message":"Mar 26, 2026 2:50:24 PM io.gapi.emulators.netty.HttpVersionRoutingHandler channelRead\nINFO: Detected non-HTTP/2 connection.\n"}}
[debug] [2026-03-26T17:50:24.324Z] Mar 26, 2026 2:50:24 PM io.gapi.emulators.netty.HttpVersionRoutingHandler channelRead
INFO: Detected non-HTTP/2 connection.
 {"metadata":{"emulator":{"name":"firestore"},"message":"Mar 26, 2026 2:50:24 PM io.gapi.emulators.netty.HttpVersionRoutingHandler channelRead\nINFO: Detected non-HTTP/2 connection.\n"}}
[debug] [2026-03-26T17:50:24.331Z] Mar 26, 2026 2:50:24 PM io.gapi.emulators.netty.HttpVersionRoutingHandler channelRead
INFO: Detected non-HTTP/2 connection.
 {"metadata":{"emulator":{"name":"firestore"},"message":"Mar 26, 2026 2:50:24 PM io.gapi.emulators.netty.HttpVersionRoutingHandler channelRead\nINFO: Detected non-HTTP/2 connection.\n"}}
[debug] [2026-03-26T17:50:24.332Z] Mar 26, 2026 2:50:24 PM io.gapi.emulators.netty.HttpVersionRoutingHandler channelRead
INFO: Detected non-HTTP/2 connection.
 {"metadata":{"emulator":{"name":"firestore"},"message":"Mar 26, 2026 2:50:24 PM io.gapi.emulators.netty.HttpVersionRoutingHandler channelRead\nINFO: Detected non-HTTP/2 connection.\n"}}
[debug] [2026-03-26T17:50:24.342Z] Mar 26, 2026 2:50:24 PM io.gapi.emulators.netty.HttpVersionRoutingHandler channelRead
INFO: Detected non-HTTP/2 connection.
 {"metadata":{"emulator":{"name":"firestore"},"message":"Mar 26, 2026 2:50:24 PM io.gapi.emulators.netty.HttpVersionRoutingHandler channelRead\nINFO: Detected non-HTTP/2 connection.\n"}}
[debug] [2026-03-26T17:50:24.352Z] Mar 26, 2026 2:50:24 PM io.gapi.emulators.netty.HttpVersionRoutingHandler channelRead
INFO: Detected non-HTTP/2 connection.
 {"metadata":{"emulator":{"name":"firestore"},"message":"Mar 26, 2026 2:50:24 PM io.gapi.emulators.netty.HttpVersionRoutingHandler channelRead\nINFO: Detected non-HTTP/2 connection.\n"}}
[debug] [2026-03-26T17:50:24.358Z] Mar 26, 2026 2:50:24 PM io.gapi.emulators.netty.HttpVersionRoutingHandler channelRead
INFO: Detected non-HTTP/2 connection.
 {"metadata":{"emulator":{"name":"firestore"},"message":"Mar 26, 2026 2:50:24 PM io.gapi.emulators.netty.HttpVersionRoutingHandler channelRead\nINFO: Detected non-HTTP/2 connection.\n"}}
[debug] [2026-03-26T17:50:24.370Z] Mar 26, 2026 2:50:24 PM io.gapi.emulators.netty.HttpVersionRoutingHandler channelRead
INFO: Detected non-HTTP/2 connection.
 {"metadata":{"emulator":{"name":"firestore"},"message":"Mar 26, 2026 2:50:24 PM io.gapi.emulators.netty.HttpVersionRoutingHandler channelRead\nINFO: Detected non-HTTP/2 connection.\n"}}
[debug] [2026-03-26T17:50:24.412Z] Mar 26, 2026 2:50:24 PM io.gapi.emulators.netty.HttpVersionRoutingHandler channelRead
INFO: Detected non-HTTP/2 connection.
 {"metadata":{"emulator":{"name":"firestore"},"message":"Mar 26, 2026 2:50:24 PM io.gapi.emulators.netty.HttpVersionRoutingHandler channelRead\nINFO: Detected non-HTTP/2 connection.\n"}}
[debug] [2026-03-26T17:50:24.620Z] Mar 26, 2026 2:50:24 PM io.gapi.emulators.netty.HttpVersionRoutingHandler channelRead
INFO: Detected non-HTTP/2 connection.
 {"metadata":{"emulator":{"name":"firestore"},"message":"Mar 26, 2026 2:50:24 PM io.gapi.emulators.netty.HttpVersionRoutingHandler channelRead\nINFO: Detected non-HTTP/2 connection.\n"}}
[debug] [2026-03-26T17:50:24.667Z] Mar 26, 2026 2:50:24 PM io.gapi.emulators.netty.HttpVersionRoutingHandler channelRead
INFO: Detected non-HTTP/2 connection.
 {"metadata":{"emulator":{"name":"firestore"},"message":"Mar 26, 2026 2:50:24 PM io.gapi.emulators.netty.HttpVersionRoutingHandler channelRead\nINFO: Detected non-HTTP/2 connection.\n"}}
[debug] [2026-03-26T17:50:24.696Z] Mar 26, 2026 2:50:24 PM io.gapi.emulators.netty.HttpVersionRoutingHandler channelRead
INFO: Detected non-HTTP/2 connection.
 {"metadata":{"emulator":{"name":"firestore"},"message":"Mar 26, 2026 2:50:24 PM io.gapi.emulators.netty.HttpVersionRoutingHandler channelRead\nINFO: Detected non-HTTP/2 connection.\n"}}
[debug] [2026-03-26T17:50:24.722Z] Mar 26, 2026 2:50:24 PM io.gapi.emulators.netty.HttpVersionRoutingHandler channelRead
INFO: Detected non-HTTP/2 connection.
 {"metadata":{"emulator":{"name":"firestore"},"message":"Mar 26, 2026 2:50:24 PM io.gapi.emulators.netty.HttpVersionRoutingHandler channelRead\nINFO: Detected non-HTTP/2 connection.\n"}}
[debug] [2026-03-26T17:50:26.614Z] Mar 26, 2026 2:50:26 PM io.gapi.emulators.netty.HttpVersionRoutingHandler channelRead
INFO: Detected non-HTTP/2 connection.
 {"metadata":{"emulator":{"name":"firestore"},"message":"Mar 26, 2026 2:50:26 PM io.gapi.emulators.netty.HttpVersionRoutingHandler channelRead\nINFO: Detected non-HTTP/2 connection.\n"}}
[debug] [2026-03-26T17:50:26.628Z] Mar 26, 2026 2:50:26 PM io.gapi.emulators.netty.HttpVersionRoutingHandler channelRead
INFO: Detected non-HTTP/2 connection.
 {"metadata":{"emulator":{"name":"firestore"},"message":"Mar 26, 2026 2:50:26 PM io.gapi.emulators.netty.HttpVersionRoutingHandler channelRead\nINFO: Detected non-HTTP/2 connection.\n"}}
[debug] [2026-03-26T17:50:26.628Z] Mar 26, 2026 2:50:26 PM io.gapi.emulators.netty.HttpVersionRoutingHandler channelRead
INFO: Detected non-HTTP/2 connection.
 {"metadata":{"emulator":{"name":"firestore"},"message":"Mar 26, 2026 2:50:26 PM io.gapi.emulators.netty.HttpVersionRoutingHandler channelRead\nINFO: Detected non-HTTP/2 connection.\n"}}
[debug] [2026-03-26T17:50:28.501Z] Mar 26, 2026 2:50:28 PM io.gapi.emulators.netty.HttpVersionRoutingHandler channelRead
INFO: Detected non-HTTP/2 connection.
 {"metadata":{"emulator":{"name":"firestore"},"message":"Mar 26, 2026 2:50:28 PM io.gapi.emulators.netty.HttpVersionRoutingHandler channelRead\nINFO: Detected non-HTTP/2 connection.\n"}}
[debug] [2026-03-26T17:50:28.516Z] Mar 26, 2026 2:50:28 PM io.gapi.emulators.netty.HttpVersionRoutingHandler channelRead
INFO: Detected non-HTTP/2 connection.
 {"metadata":{"emulator":{"name":"firestore"},"message":"Mar 26, 2026 2:50:28 PM io.gapi.emulators.netty.HttpVersionRoutingHandler channelRead\nINFO: Detected non-HTTP/2 connection.\n"}}
[debug] [2026-03-26T17:50:28.517Z] Mar 26, 2026 2:50:28 PM io.gapi.emulators.netty.HttpVersionRoutingHandler channelRead
INFO: Detected non-HTTP/2 connection.
 {"metadata":{"emulator":{"name":"firestore"},"message":"Mar 26, 2026 2:50:28 PM io.gapi.emulators.netty.HttpVersionRoutingHandler channelRead\nINFO: Detected non-HTTP/2 connection.\n"}}
[debug] [2026-03-26T17:50:30.675Z] [work-queue] {"queuedWork":["/projeto-nexus-62ebb/southamerica-east1/healthCheck-2026-03-26T17:50:30.675Z"],"queueLength":1,"runningWork":[],"workRunningCount":0}
[debug] [2026-03-26T17:50:30.675Z] [work-queue] {"queuedWork":[],"queueLength":0,"runningWork":["/projeto-nexus-62ebb/southamerica-east1/healthCheck-2026-03-26T17:50:30.675Z"],"workRunningCount":1}
[debug] [2026-03-26T17:50:30.675Z] Accepted request OPTIONS /projeto-nexus-62ebb/southamerica-east1/healthCheck --> southamerica-east1-healthCheck
[debug] [2026-03-26T17:50:30.677Z] [functions] Runtime ready! Sending request! {"metadata":{"emulator":{"name":"functions"},"message":"[functions] Runtime ready! Sending request!"}}
[debug] [2026-03-26T17:50:30.677Z] [functions] Got req.url=/projeto-nexus-62ebb/southamerica-east1/healthCheck, mapping to path=/ {"metadata":{"emulator":{"name":"functions"},"message":"[functions] Got req.url=/projeto-nexus-62ebb/southamerica-east1/healthCheck, mapping to path=/"}}
[debug] [2026-03-26T17:50:30.685Z] [worker-pool] addWorker(southamerica-east1-healthCheck) {"metadata":{"emulator":{"name":"functions"},"message":"[worker-pool] addWorker(southamerica-east1-healthCheck)"}}
[debug] [2026-03-26T17:50:30.685Z] [worker-pool] Adding worker with key southamerica-east1-healthCheck, total=1 {"metadata":{"emulator":{"name":"functions"},"message":"[worker-pool] Adding worker with key southamerica-east1-healthCheck, total=1"}}
[debug] [2026-03-26T17:50:31.592Z] [runtime-status] [29883] Resolved module firebase-admin {"declared":true,"installed":true,"version":"12.7.0","resolution":"/home/davi.queiroz/projetos_davi/nexus-web/cloud-functions/node_modules/firebase-admin/lib/index.js"} {"metadata":{"emulator":{"name":"functions"},"function":{"name":"southamerica-east1-healthCheck"},"extension":{},"message":"[runtime-status] [29883] Resolved module firebase-admin {\"declared\":true,\"installed\":true,\"version\":\"12.7.0\",\"resolution\":\"/home/davi.queiroz/projetos_davi/nexus-web/cloud-functions/node_modules/firebase-admin/lib/index.js\"}"}}
[debug] [2026-03-26T17:50:31.593Z] [runtime-status] [29883] Resolved module firebase-functions {"declared":true,"installed":true,"version":"5.1.1","resolution":"/home/davi.queiroz/projetos_davi/nexus-web/cloud-functions/node_modules/firebase-functions/lib/v1/index.js"} {"metadata":{"emulator":{"name":"functions"},"function":{"name":"southamerica-east1-healthCheck"},"extension":{},"message":"[runtime-status] [29883] Resolved module firebase-functions {\"declared\":true,\"installed\":true,\"version\":\"5.1.1\",\"resolution\":\"/home/davi.queiroz/projetos_davi/nexus-web/cloud-functions/node_modules/firebase-functions/lib/v1/index.js\"}"}}
[debug] [2026-03-26T17:50:31.593Z] [runtime-status] [29883] Outgoing network have been stubbed. [{"name":"http","status":"mocked"},{"name":"http","status":"mocked"},{"name":"https","status":"mocked"},{"name":"https","status":"mocked"},{"name":"net","status":"mocked"}] {"metadata":{"emulator":{"name":"functions"},"function":{"name":"southamerica-east1-healthCheck"},"extension":{},"message":"[runtime-status] [29883] Outgoing network have been stubbed. [{\"name\":\"http\",\"status\":\"mocked\"},{\"name\":\"http\",\"status\":\"mocked\"},{\"name\":\"https\",\"status\":\"mocked\"},{\"name\":\"https\",\"status\":\"mocked\"},{\"name\":\"net\",\"status\":\"mocked\"}]"}}
[debug] [2026-03-26T17:50:31.593Z] [runtime-status] [29883] Resolved module firebase-functions {"declared":true,"installed":true,"version":"5.1.1","resolution":"/home/davi.queiroz/projetos_davi/nexus-web/cloud-functions/node_modules/firebase-functions/lib/v1/index.js"} {"metadata":{"emulator":{"name":"functions"},"function":{"name":"southamerica-east1-healthCheck"},"extension":{},"message":"[runtime-status] [29883] Resolved module firebase-functions {\"declared\":true,\"installed\":true,\"version\":\"5.1.1\",\"resolution\":\"/home/davi.queiroz/projetos_davi/nexus-web/cloud-functions/node_modules/firebase-functions/lib/v1/index.js\"}"}}
[debug] [2026-03-26T17:50:31.715Z] [runtime-status] [29883] Resolved module firebase-admin {"declared":true,"installed":true,"version":"12.7.0","resolution":"/home/davi.queiroz/projetos_davi/nexus-web/cloud-functions/node_modules/firebase-admin/lib/index.js"} {"metadata":{"emulator":{"name":"functions"},"function":{"name":"southamerica-east1-healthCheck"},"extension":{},"message":"[runtime-status] [29883] Resolved module firebase-admin {\"declared\":true,\"installed\":true,\"version\":\"12.7.0\",\"resolution\":\"/home/davi.queiroz/projetos_davi/nexus-web/cloud-functions/node_modules/firebase-admin/lib/index.js\"}"}}
[debug] [2026-03-26T17:50:31.717Z] [runtime-status] [29883] Resolved module firebase-functions {"declared":true,"installed":true,"version":"5.1.1","resolution":"/home/davi.queiroz/projetos_davi/nexus-web/cloud-functions/node_modules/firebase-functions/lib/v1/index.js"} {"metadata":{"emulator":{"name":"functions"},"function":{"name":"southamerica-east1-healthCheck"},"extension":{},"message":"[runtime-status] [29883] Resolved module firebase-functions {\"declared\":true,\"installed\":true,\"version\":\"5.1.1\",\"resolution\":\"/home/davi.queiroz/projetos_davi/nexus-web/cloud-functions/node_modules/firebase-functions/lib/v1/index.js\"}"}}
[debug] [2026-03-26T17:50:31.821Z] [runtime-status] [29883] firebase-admin has been stubbed. {"adminResolution":{"declared":true,"installed":true,"version":"12.7.0","resolution":"/home/davi.queiroz/projetos_davi/nexus-web/cloud-functions/node_modules/firebase-admin/lib/index.js"}} {"metadata":{"emulator":{"name":"functions"},"function":{"name":"southamerica-east1-healthCheck"},"extension":{},"message":"[runtime-status] [29883] firebase-admin has been stubbed. {\"adminResolution\":{\"declared\":true,\"installed\":true,\"version\":\"12.7.0\",\"resolution\":\"/home/davi.queiroz/projetos_davi/nexus-web/cloud-functions/node_modules/firebase-admin/lib/index.js\"}}"}}
[debug] [2026-03-26T17:50:31.824Z] [runtime-status] [29883] initializeApp(DEFAULT) {"storageBucket":"projeto-nexus-62ebb.appspot.com","databaseURL":"https://projeto-nexus-62ebb.firebaseio.com","projectId":"projeto-nexus-62ebb"} {"metadata":{"emulator":{"name":"functions"},"function":{"name":"southamerica-east1-healthCheck"},"extension":{},"message":"[runtime-status] [29883] initializeApp(DEFAULT) {\"storageBucket\":\"projeto-nexus-62ebb.appspot.com\",\"databaseURL\":\"https://projeto-nexus-62ebb.firebaseio.com\",\"projectId\":\"projeto-nexus-62ebb\"}"}}
[debug] [2026-03-26T17:50:31.836Z] [runtime-status] [29883] Functions runtime initialized. {"cwd":"/home/davi.queiroz/projetos_davi/nexus-web/cloud-functions","node_version":"20.20.1"} {"metadata":{"emulator":{"name":"functions"},"function":{"name":"southamerica-east1-healthCheck"},"extension":{},"message":"[runtime-status] [29883] Functions runtime initialized. {\"cwd\":\"/home/davi.queiroz/projetos_davi/nexus-web/cloud-functions\",\"node_version\":\"20.20.1\"}"}}
[debug] [2026-03-26T17:50:31.837Z] [runtime-status] [29883] Listening to port: /tmp/fire_emu_7b1252f9d4c4f790.sock {"metadata":{"emulator":{"name":"functions"},"function":{"name":"southamerica-east1-healthCheck"},"extension":{},"message":"[runtime-status] [29883] Listening to port: /tmp/fire_emu_7b1252f9d4c4f790.sock"}}
[debug] [2026-03-26T17:50:31.898Z] [worker-southamerica-east1-healthCheck-61a5538b-296d-473f-bf01-fc27b0852726]: IDLE {"metadata":{"emulator":{"name":"functions"},"function":{"name":"southamerica-east1-healthCheck"},"extension":{},"message":"[worker-southamerica-east1-healthCheck-61a5538b-296d-473f-bf01-fc27b0852726]: IDLE"}}
[debug] [2026-03-26T17:50:31.899Z] [worker-pool] submitRequest(triggerId=southamerica-east1-healthCheck) {"metadata":{"emulator":{"name":"functions"},"message":"[worker-pool] submitRequest(triggerId=southamerica-east1-healthCheck)"}}
[info] i  functions: Beginning execution of "southamerica-east1-healthCheck" {"metadata":{"emulator":{"name":"functions"},"function":{"name":"southamerica-east1-healthCheck"},"extension":{},"message":"Beginning execution of \"southamerica-east1-healthCheck\""}}
[debug] [2026-03-26T17:50:31.899Z] [worker-southamerica-east1-healthCheck-61a5538b-296d-473f-bf01-fc27b0852726]: BUSY {"metadata":{"emulator":{"name":"functions"},"function":{"name":"southamerica-east1-healthCheck"},"extension":{},"message":"[worker-southamerica-east1-healthCheck-61a5538b-296d-473f-bf01-fc27b0852726]: BUSY"}}
[debug] [2026-03-26T17:50:31.903Z] Finishing up request with event=pause {"metadata":{"emulator":{"name":"functions"},"function":{"name":"southamerica-east1-healthCheck"},"extension":{},"message":"Finishing up request with event=pause"}}
[info] i  functions: Finished "southamerica-east1-healthCheck" in 4.340233ms {"metadata":{"emulator":{"name":"functions"},"function":{"name":"southamerica-east1-healthCheck"},"extension":{},"message":"Finished \"southamerica-east1-healthCheck\" in 4.340233ms"}}
[debug] [2026-03-26T17:50:31.904Z] [worker-southamerica-east1-healthCheck-61a5538b-296d-473f-bf01-fc27b0852726]: IDLE {"metadata":{"emulator":{"name":"functions"},"function":{"name":"southamerica-east1-healthCheck"},"extension":{},"message":"[worker-southamerica-east1-healthCheck-61a5538b-296d-473f-bf01-fc27b0852726]: IDLE"}}
[debug] [2026-03-26T17:50:31.904Z] Finishing up request with event=finish {"metadata":{"emulator":{"name":"functions"},"function":{"name":"southamerica-east1-healthCheck"},"extension":{},"message":"Finishing up request with event=finish"}}
[debug] [2026-03-26T17:50:31.904Z] Finishing up request with event=close {"metadata":{"emulator":{"name":"functions"},"function":{"name":"southamerica-east1-healthCheck"},"extension":{},"message":"Finishing up request with event=close"}}
[debug] [2026-03-26T17:50:31.904Z] [work-queue] {"queuedWork":[],"queueLength":0,"runningWork":[],"workRunningCount":0}
[debug] [2026-03-26T17:50:31.905Z] [work-queue] {"queuedWork":["/projeto-nexus-62ebb/southamerica-east1/healthCheck-2026-03-26T17:50:31.905Z"],"queueLength":1,"runningWork":[],"workRunningCount":0}
[debug] [2026-03-26T17:50:31.905Z] [work-queue] {"queuedWork":[],"queueLength":0,"runningWork":["/projeto-nexus-62ebb/southamerica-east1/healthCheck-2026-03-26T17:50:31.905Z"],"workRunningCount":1}
[debug] [2026-03-26T17:50:31.905Z] Accepted request GET /projeto-nexus-62ebb/southamerica-east1/healthCheck --> southamerica-east1-healthCheck
[debug] [2026-03-26T17:50:31.906Z] [functions] Runtime ready! Sending request! {"metadata":{"emulator":{"name":"functions"},"message":"[functions] Runtime ready! Sending request!"}}
[debug] [2026-03-26T17:50:31.906Z] [functions] Got req.url=/projeto-nexus-62ebb/southamerica-east1/healthCheck, mapping to path=/ {"metadata":{"emulator":{"name":"functions"},"message":"[functions] Got req.url=/projeto-nexus-62ebb/southamerica-east1/healthCheck, mapping to path=/"}}
[debug] [2026-03-26T17:50:31.906Z] [worker-pool] submitRequest(triggerId=southamerica-east1-healthCheck) {"metadata":{"emulator":{"name":"functions"},"message":"[worker-pool] submitRequest(triggerId=southamerica-east1-healthCheck)"}}
[info] i  functions: Beginning execution of "southamerica-east1-healthCheck" {"metadata":{"emulator":{"name":"functions"},"function":{"name":"southamerica-east1-healthCheck"},"extension":{},"message":"Beginning execution of \"southamerica-east1-healthCheck\""}}
[debug] [2026-03-26T17:50:31.906Z] [worker-southamerica-east1-healthCheck-61a5538b-296d-473f-bf01-fc27b0852726]: BUSY {"metadata":{"emulator":{"name":"functions"},"function":{"name":"southamerica-east1-healthCheck"},"extension":{},"message":"[worker-southamerica-east1-healthCheck-61a5538b-296d-473f-bf01-fc27b0852726]: BUSY"}}
[debug] [2026-03-26T17:50:31.910Z] Finishing up request with event=pause {"metadata":{"emulator":{"name":"functions"},"function":{"name":"southamerica-east1-healthCheck"},"extension":{},"message":"Finishing up request with event=pause"}}
[info] i  functions: Finished "southamerica-east1-healthCheck" in 3.496509ms {"metadata":{"emulator":{"name":"functions"},"function":{"name":"southamerica-east1-healthCheck"},"extension":{},"message":"Finished \"southamerica-east1-healthCheck\" in 3.496509ms"}}
[debug] [2026-03-26T17:50:31.910Z] [worker-southamerica-east1-healthCheck-61a5538b-296d-473f-bf01-fc27b0852726]: IDLE {"metadata":{"emulator":{"name":"functions"},"function":{"name":"southamerica-east1-healthCheck"},"extension":{},"message":"[worker-southamerica-east1-healthCheck-61a5538b-296d-473f-bf01-fc27b0852726]: IDLE"}}
[debug] [2026-03-26T17:50:31.910Z] Finishing up request with event=finish {"metadata":{"emulator":{"name":"functions"},"function":{"name":"southamerica-east1-healthCheck"},"extension":{},"message":"Finishing up request with event=finish"}}
[debug] [2026-03-26T17:50:31.910Z] Finishing up request with event=close {"metadata":{"emulator":{"name":"functions"},"function":{"name":"southamerica-east1-healthCheck"},"extension":{},"message":"Finishing up request with event=close"}}
[debug] [2026-03-26T17:50:31.910Z] [work-queue] {"queuedWork":[],"queueLength":0,"runningWork":[],"workRunningCount":0}
[debug] [2026-03-26T17:50:31.916Z] [work-queue] {"queuedWork":["/projeto-nexus-62ebb/southamerica-east1/sendPushNotification-2026-03-26T17:50:31.916Z"],"queueLength":1,"runningWork":[],"workRunningCount":0}
[debug] [2026-03-26T17:50:31.917Z] [work-queue] {"queuedWork":[],"queueLength":0,"runningWork":["/projeto-nexus-62ebb/southamerica-east1/sendPushNotification-2026-03-26T17:50:31.916Z"],"workRunningCount":1}
[debug] [2026-03-26T17:50:31.917Z] Accepted request OPTIONS /projeto-nexus-62ebb/southamerica-east1/sendPushNotification --> southamerica-east1-sendPushNotification
[debug] [2026-03-26T17:50:31.919Z] [functions] Runtime ready! Sending request! {"metadata":{"emulator":{"name":"functions"},"message":"[functions] Runtime ready! Sending request!"}}
[debug] [2026-03-26T17:50:31.919Z] [functions] Got req.url=/projeto-nexus-62ebb/southamerica-east1/sendPushNotification, mapping to path=/ {"metadata":{"emulator":{"name":"functions"},"message":"[functions] Got req.url=/projeto-nexus-62ebb/southamerica-east1/sendPushNotification, mapping to path=/"}}
[debug] [2026-03-26T17:50:31.925Z] [worker-pool] addWorker(southamerica-east1-sendPushNotification) {"metadata":{"emulator":{"name":"functions"},"message":"[worker-pool] addWorker(southamerica-east1-sendPushNotification)"}}
[debug] [2026-03-26T17:50:31.926Z] [worker-pool] Adding worker with key southamerica-east1-sendPushNotification, total=1 {"metadata":{"emulator":{"name":"functions"},"message":"[worker-pool] Adding worker with key southamerica-east1-sendPushNotification, total=1"}}
[debug] [2026-03-26T17:50:32.839Z] [runtime-status] [29902] Resolved module firebase-admin {"declared":true,"installed":true,"version":"12.7.0","resolution":"/home/davi.queiroz/projetos_davi/nexus-web/cloud-functions/node_modules/firebase-admin/lib/index.js"} {"metadata":{"emulator":{"name":"functions"},"function":{"name":"southamerica-east1-sendPushNotification"},"extension":{},"message":"[runtime-status] [29902] Resolved module firebase-admin {\"declared\":true,\"installed\":true,\"version\":\"12.7.0\",\"resolution\":\"/home/davi.queiroz/projetos_davi/nexus-web/cloud-functions/node_modules/firebase-admin/lib/index.js\"}"}}
[debug] [2026-03-26T17:50:32.840Z] [runtime-status] [29902] Resolved module firebase-functions {"declared":true,"installed":true,"version":"5.1.1","resolution":"/home/davi.queiroz/projetos_davi/nexus-web/cloud-functions/node_modules/firebase-functions/lib/v1/index.js"} {"metadata":{"emulator":{"name":"functions"},"function":{"name":"southamerica-east1-sendPushNotification"},"extension":{},"message":"[runtime-status] [29902] Resolved module firebase-functions {\"declared\":true,\"installed\":true,\"version\":\"5.1.1\",\"resolution\":\"/home/davi.queiroz/projetos_davi/nexus-web/cloud-functions/node_modules/firebase-functions/lib/v1/index.js\"}"}}
[debug] [2026-03-26T17:50:32.840Z] [runtime-status] [29902] Outgoing network have been stubbed. [{"name":"http","status":"mocked"},{"name":"http","status":"mocked"},{"name":"https","status":"mocked"},{"name":"https","status":"mocked"},{"name":"net","status":"mocked"}] {"metadata":{"emulator":{"name":"functions"},"function":{"name":"southamerica-east1-sendPushNotification"},"extension":{},"message":"[runtime-status] [29902] Outgoing network have been stubbed. [{\"name\":\"http\",\"status\":\"mocked\"},{\"name\":\"http\",\"status\":\"mocked\"},{\"name\":\"https\",\"status\":\"mocked\"},{\"name\":\"https\",\"status\":\"mocked\"},{\"name\":\"net\",\"status\":\"mocked\"}]"}}
[debug] [2026-03-26T17:50:32.840Z] [runtime-status] [29902] Resolved module firebase-functions {"declared":true,"installed":true,"version":"5.1.1","resolution":"/home/davi.queiroz/projetos_davi/nexus-web/cloud-functions/node_modules/firebase-functions/lib/v1/index.js"} {"metadata":{"emulator":{"name":"functions"},"function":{"name":"southamerica-east1-sendPushNotification"},"extension":{},"message":"[runtime-status] [29902] Resolved module firebase-functions {\"declared\":true,\"installed\":true,\"version\":\"5.1.1\",\"resolution\":\"/home/davi.queiroz/projetos_davi/nexus-web/cloud-functions/node_modules/firebase-functions/lib/v1/index.js\"}"}}
[debug] [2026-03-26T17:50:32.976Z] [runtime-status] [29902] Resolved module firebase-admin {"declared":true,"installed":true,"version":"12.7.0","resolution":"/home/davi.queiroz/projetos_davi/nexus-web/cloud-functions/node_modules/firebase-admin/lib/index.js"} {"metadata":{"emulator":{"name":"functions"},"function":{"name":"southamerica-east1-sendPushNotification"},"extension":{},"message":"[runtime-status] [29902] Resolved module firebase-admin {\"declared\":true,\"installed\":true,\"version\":\"12.7.0\",\"resolution\":\"/home/davi.queiroz/projetos_davi/nexus-web/cloud-functions/node_modules/firebase-admin/lib/index.js\"}"}}
[debug] [2026-03-26T17:50:32.978Z] [runtime-status] [29902] Resolved module firebase-functions {"declared":true,"installed":true,"version":"5.1.1","resolution":"/home/davi.queiroz/projetos_davi/nexus-web/cloud-functions/node_modules/firebase-functions/lib/v1/index.js"} {"metadata":{"emulator":{"name":"functions"},"function":{"name":"southamerica-east1-sendPushNotification"},"extension":{},"message":"[runtime-status] [29902] Resolved module firebase-functions {\"declared\":true,\"installed\":true,\"version\":\"5.1.1\",\"resolution\":\"/home/davi.queiroz/projetos_davi/nexus-web/cloud-functions/node_modules/firebase-functions/lib/v1/index.js\"}"}}
[debug] [2026-03-26T17:50:33.154Z] [runtime-status] [29902] firebase-admin has been stubbed. {"adminResolution":{"declared":true,"installed":true,"version":"12.7.0","resolution":"/home/davi.queiroz/projetos_davi/nexus-web/cloud-functions/node_modules/firebase-admin/lib/index.js"}} {"metadata":{"emulator":{"name":"functions"},"function":{"name":"southamerica-east1-sendPushNotification"},"extension":{},"message":"[runtime-status] [29902] firebase-admin has been stubbed. {\"adminResolution\":{\"declared\":true,\"installed\":true,\"version\":\"12.7.0\",\"resolution\":\"/home/davi.queiroz/projetos_davi/nexus-web/cloud-functions/node_modules/firebase-admin/lib/index.js\"}}"}}
[debug] [2026-03-26T17:50:33.157Z] [runtime-status] [29902] initializeApp(DEFAULT) {"storageBucket":"projeto-nexus-62ebb.appspot.com","databaseURL":"https://projeto-nexus-62ebb.firebaseio.com","projectId":"projeto-nexus-62ebb"} {"metadata":{"emulator":{"name":"functions"},"function":{"name":"southamerica-east1-sendPushNotification"},"extension":{},"message":"[runtime-status] [29902] initializeApp(DEFAULT) {\"storageBucket\":\"projeto-nexus-62ebb.appspot.com\",\"databaseURL\":\"https://projeto-nexus-62ebb.firebaseio.com\",\"projectId\":\"projeto-nexus-62ebb\"}"}}
[debug] [2026-03-26T17:50:33.170Z] [runtime-status] [29902] Functions runtime initialized. {"cwd":"/home/davi.queiroz/projetos_davi/nexus-web/cloud-functions","node_version":"20.20.1"} {"metadata":{"emulator":{"name":"functions"},"function":{"name":"southamerica-east1-sendPushNotification"},"extension":{},"message":"[runtime-status] [29902] Functions runtime initialized. {\"cwd\":\"/home/davi.queiroz/projetos_davi/nexus-web/cloud-functions\",\"node_version\":\"20.20.1\"}"}}
[debug] [2026-03-26T17:50:33.170Z] [runtime-status] [29902] Listening to port: /tmp/fire_emu_b87fba414bffcb3c.sock {"metadata":{"emulator":{"name":"functions"},"function":{"name":"southamerica-east1-sendPushNotification"},"extension":{},"message":"[runtime-status] [29902] Listening to port: /tmp/fire_emu_b87fba414bffcb3c.sock"}}
[debug] [2026-03-26T17:50:33.240Z] [worker-southamerica-east1-sendPushNotification-554b3166-3457-47cf-a107-4e0066d80f14]: IDLE {"metadata":{"emulator":{"name":"functions"},"function":{"name":"southamerica-east1-sendPushNotification"},"extension":{},"message":"[worker-southamerica-east1-sendPushNotification-554b3166-3457-47cf-a107-4e0066d80f14]: IDLE"}}
[debug] [2026-03-26T17:50:33.241Z] [worker-pool] submitRequest(triggerId=southamerica-east1-sendPushNotification) {"metadata":{"emulator":{"name":"functions"},"message":"[worker-pool] submitRequest(triggerId=southamerica-east1-sendPushNotification)"}}
[info] i  functions: Beginning execution of "southamerica-east1-sendPushNotification" {"metadata":{"emulator":{"name":"functions"},"function":{"name":"southamerica-east1-sendPushNotification"},"extension":{},"message":"Beginning execution of \"southamerica-east1-sendPushNotification\""}}
[debug] [2026-03-26T17:50:33.241Z] [worker-southamerica-east1-sendPushNotification-554b3166-3457-47cf-a107-4e0066d80f14]: BUSY {"metadata":{"emulator":{"name":"functions"},"function":{"name":"southamerica-east1-sendPushNotification"},"extension":{},"message":"[worker-southamerica-east1-sendPushNotification-554b3166-3457-47cf-a107-4e0066d80f14]: BUSY"}}
[debug] [2026-03-26T17:50:33.244Z] Finishing up request with event=pause {"metadata":{"emulator":{"name":"functions"},"function":{"name":"southamerica-east1-sendPushNotification"},"extension":{},"message":"Finishing up request with event=pause"}}
[info] i  functions: Finished "southamerica-east1-sendPushNotification" in 2.761119ms {"metadata":{"emulator":{"name":"functions"},"function":{"name":"southamerica-east1-sendPushNotification"},"extension":{},"message":"Finished \"southamerica-east1-sendPushNotification\" in 2.761119ms"}}
[debug] [2026-03-26T17:50:33.244Z] [worker-southamerica-east1-sendPushNotification-554b3166-3457-47cf-a107-4e0066d80f14]: IDLE {"metadata":{"emulator":{"name":"functions"},"function":{"name":"southamerica-east1-sendPushNotification"},"extension":{},"message":"[worker-southamerica-east1-sendPushNotification-554b3166-3457-47cf-a107-4e0066d80f14]: IDLE"}}
[debug] [2026-03-26T17:50:33.244Z] Finishing up request with event=finish {"metadata":{"emulator":{"name":"functions"},"function":{"name":"southamerica-east1-sendPushNotification"},"extension":{},"message":"Finishing up request with event=finish"}}
[debug] [2026-03-26T17:50:33.244Z] Finishing up request with event=close {"metadata":{"emulator":{"name":"functions"},"function":{"name":"southamerica-east1-sendPushNotification"},"extension":{},"message":"Finishing up request with event=close"}}
[debug] [2026-03-26T17:50:33.244Z] [work-queue] {"queuedWork":[],"queueLength":0,"runningWork":[],"workRunningCount":0}
[debug] [2026-03-26T17:50:33.246Z] [work-queue] {"queuedWork":["/projeto-nexus-62ebb/southamerica-east1/sendPushNotification-2026-03-26T17:50:33.246Z"],"queueLength":1,"runningWork":[],"workRunningCount":0}
[debug] [2026-03-26T17:50:33.246Z] [work-queue] {"queuedWork":[],"queueLength":0,"runningWork":["/projeto-nexus-62ebb/southamerica-east1/sendPushNotification-2026-03-26T17:50:33.246Z"],"workRunningCount":1}
[debug] [2026-03-26T17:50:33.246Z] Accepted request POST /projeto-nexus-62ebb/southamerica-east1/sendPushNotification --> southamerica-east1-sendPushNotification
[debug] [2026-03-26T17:50:33.247Z] [functions] Runtime ready! Sending request! {"metadata":{"emulator":{"name":"functions"},"message":"[functions] Runtime ready! Sending request!"}}
[debug] [2026-03-26T17:50:33.247Z] [functions] Got req.url=/projeto-nexus-62ebb/southamerica-east1/sendPushNotification, mapping to path=/ {"metadata":{"emulator":{"name":"functions"},"message":"[functions] Got req.url=/projeto-nexus-62ebb/southamerica-east1/sendPushNotification, mapping to path=/"}}
[debug] [2026-03-26T17:50:33.247Z] [worker-pool] submitRequest(triggerId=southamerica-east1-sendPushNotification) {"metadata":{"emulator":{"name":"functions"},"message":"[worker-pool] submitRequest(triggerId=southamerica-east1-sendPushNotification)"}}
[info] i  functions: Beginning execution of "southamerica-east1-sendPushNotification" {"metadata":{"emulator":{"name":"functions"},"function":{"name":"southamerica-east1-sendPushNotification"},"extension":{},"message":"Beginning execution of \"southamerica-east1-sendPushNotification\""}}
[debug] [2026-03-26T17:50:33.247Z] [worker-southamerica-east1-sendPushNotification-554b3166-3457-47cf-a107-4e0066d80f14]: BUSY {"metadata":{"emulator":{"name":"functions"},"function":{"name":"southamerica-east1-sendPushNotification"},"extension":{},"message":"[worker-southamerica-east1-sendPushNotification-554b3166-3457-47cf-a107-4e0066d80f14]: BUSY"}}
[debug] [2026-03-26T17:50:34.235Z] Mar 26, 2026 2:50:34 PM io.gapi.emulators.netty.HttpVersionRoutingHandler channelRead
INFO: Detected HTTP/2 connection.
 {"metadata":{"emulator":{"name":"firestore"},"message":"Mar 26, 2026 2:50:34 PM io.gapi.emulators.netty.HttpVersionRoutingHandler channelRead\nINFO: Detected HTTP/2 connection.\n"}}
[debug] [2026-03-26T17:50:35.475Z] Finishing up request with event=pause {"metadata":{"emulator":{"name":"functions"},"function":{"name":"southamerica-east1-sendPushNotification"},"extension":{},"message":"Finishing up request with event=pause"}}
[info] i  functions: Finished "southamerica-east1-sendPushNotification" in 2227.629789ms {"metadata":{"emulator":{"name":"functions"},"function":{"name":"southamerica-east1-sendPushNotification"},"extension":{},"message":"Finished \"southamerica-east1-sendPushNotification\" in 2227.629789ms"}}
[debug] [2026-03-26T17:50:35.475Z] [worker-southamerica-east1-sendPushNotification-554b3166-3457-47cf-a107-4e0066d80f14]: IDLE {"metadata":{"emulator":{"name":"functions"},"function":{"name":"southamerica-east1-sendPushNotification"},"extension":{},"message":"[worker-southamerica-east1-sendPushNotification-554b3166-3457-47cf-a107-4e0066d80f14]: IDLE"}}
[debug] [2026-03-26T17:50:35.475Z] Finishing up request with event=finish {"metadata":{"emulator":{"name":"functions"},"function":{"name":"southamerica-east1-sendPushNotification"},"extension":{},"message":"Finishing up request with event=finish"}}
[debug] [2026-03-26T17:50:35.475Z] Finishing up request with event=close {"metadata":{"emulator":{"name":"functions"},"function":{"name":"southamerica-east1-sendPushNotification"},"extension":{},"message":"Finishing up request with event=close"}}
[debug] [2026-03-26T17:50:35.475Z] [work-queue] {"queuedWork":[],"queueLength":0,"runningWork":[],"workRunningCount":0}
[debug] [2026-03-26T17:50:35.740Z] Mar 26, 2026 2:50:35 PM io.gapi.emulators.netty.HttpVersionRoutingHandler channelRead
INFO: Detected non-HTTP/2 connection.
 {"metadata":{"emulator":{"name":"firestore"},"message":"Mar 26, 2026 2:50:35 PM io.gapi.emulators.netty.HttpVersionRoutingHandler channelRead\nINFO: Detected non-HTTP/2 connection.\n"}}
[debug] [2026-03-26T17:50:41.458Z] [work-queue] {"queuedWork":["/projeto-nexus-62ebb/southamerica-east1/healthCheck-2026-03-26T17:50:41.458Z"],"queueLength":1,"runningWork":[],"workRunningCount":0}
[debug] [2026-03-26T17:50:41.459Z] [work-queue] {"queuedWork":[],"queueLength":0,"runningWork":["/projeto-nexus-62ebb/southamerica-east1/healthCheck-2026-03-26T17:50:41.458Z"],"workRunningCount":1}
[debug] [2026-03-26T17:50:41.459Z] Accepted request OPTIONS /projeto-nexus-62ebb/southamerica-east1/healthCheck --> southamerica-east1-healthCheck
[debug] [2026-03-26T17:50:41.461Z] [functions] Runtime ready! Sending request! {"metadata":{"emulator":{"name":"functions"},"message":"[functions] Runtime ready! Sending request!"}}
[debug] [2026-03-26T17:50:41.461Z] [functions] Got req.url=/projeto-nexus-62ebb/southamerica-east1/healthCheck, mapping to path=/ {"metadata":{"emulator":{"name":"functions"},"message":"[functions] Got req.url=/projeto-nexus-62ebb/southamerica-east1/healthCheck, mapping to path=/"}}
[debug] [2026-03-26T17:50:41.461Z] [worker-pool] submitRequest(triggerId=southamerica-east1-healthCheck) {"metadata":{"emulator":{"name":"functions"},"message":"[worker-pool] submitRequest(triggerId=southamerica-east1-healthCheck)"}}
[info] i  functions: Beginning execution of "southamerica-east1-healthCheck" {"metadata":{"emulator":{"name":"functions"},"function":{"name":"southamerica-east1-healthCheck"},"extension":{},"message":"Beginning execution of \"southamerica-east1-healthCheck\""}}
[debug] [2026-03-26T17:50:41.462Z] [worker-southamerica-east1-healthCheck-61a5538b-296d-473f-bf01-fc27b0852726]: BUSY {"metadata":{"emulator":{"name":"functions"},"function":{"name":"southamerica-east1-healthCheck"},"extension":{},"message":"[worker-southamerica-east1-healthCheck-61a5538b-296d-473f-bf01-fc27b0852726]: BUSY"}}
[debug] [2026-03-26T17:50:41.464Z] Finishing up request with event=pause {"metadata":{"emulator":{"name":"functions"},"function":{"name":"southamerica-east1-healthCheck"},"extension":{},"message":"Finishing up request with event=pause"}}
[info] i  functions: Finished "southamerica-east1-healthCheck" in 2.591077ms {"metadata":{"emulator":{"name":"functions"},"function":{"name":"southamerica-east1-healthCheck"},"extension":{},"message":"Finished \"southamerica-east1-healthCheck\" in 2.591077ms"}}
[debug] [2026-03-26T17:50:41.465Z] [worker-southamerica-east1-healthCheck-61a5538b-296d-473f-bf01-fc27b0852726]: IDLE {"metadata":{"emulator":{"name":"functions"},"function":{"name":"southamerica-east1-healthCheck"},"extension":{},"message":"[worker-southamerica-east1-healthCheck-61a5538b-296d-473f-bf01-fc27b0852726]: IDLE"}}
[debug] [2026-03-26T17:50:41.465Z] Finishing up request with event=finish {"metadata":{"emulator":{"name":"functions"},"function":{"name":"southamerica-east1-healthCheck"},"extension":{},"message":"Finishing up request with event=finish"}}
[debug] [2026-03-26T17:50:41.465Z] Finishing up request with event=close {"metadata":{"emulator":{"name":"functions"},"function":{"name":"southamerica-east1-healthCheck"},"extension":{},"message":"Finishing up request with event=close"}}
[debug] [2026-03-26T17:50:41.465Z] [work-queue] {"queuedWork":[],"queueLength":0,"runningWork":[],"workRunningCount":0}
[debug] [2026-03-26T17:50:41.465Z] [work-queue] {"queuedWork":["/projeto-nexus-62ebb/southamerica-east1/healthCheck-2026-03-26T17:50:41.465Z"],"queueLength":1,"runningWork":[],"workRunningCount":0}
[debug] [2026-03-26T17:50:41.465Z] [work-queue] {"queuedWork":[],"queueLength":0,"runningWork":["/projeto-nexus-62ebb/southamerica-east1/healthCheck-2026-03-26T17:50:41.465Z"],"workRunningCount":1}
[debug] [2026-03-26T17:50:41.465Z] Accepted request GET /projeto-nexus-62ebb/southamerica-east1/healthCheck --> southamerica-east1-healthCheck
[debug] [2026-03-26T17:50:41.467Z] [functions] Runtime ready! Sending request! {"metadata":{"emulator":{"name":"functions"},"message":"[functions] Runtime ready! Sending request!"}}
[debug] [2026-03-26T17:50:41.467Z] [functions] Got req.url=/projeto-nexus-62ebb/southamerica-east1/healthCheck, mapping to path=/ {"metadata":{"emulator":{"name":"functions"},"message":"[functions] Got req.url=/projeto-nexus-62ebb/southamerica-east1/healthCheck, mapping to path=/"}}
[debug] [2026-03-26T17:50:41.467Z] [worker-pool] submitRequest(triggerId=southamerica-east1-healthCheck) {"metadata":{"emulator":{"name":"functions"},"message":"[worker-pool] submitRequest(triggerId=southamerica-east1-healthCheck)"}}
[info] i  functions: Beginning execution of "southamerica-east1-healthCheck" {"metadata":{"emulator":{"name":"functions"},"function":{"name":"southamerica-east1-healthCheck"},"extension":{},"message":"Beginning execution of \"southamerica-east1-healthCheck\""}}
[debug] [2026-03-26T17:50:41.468Z] [worker-southamerica-east1-healthCheck-61a5538b-296d-473f-bf01-fc27b0852726]: BUSY {"metadata":{"emulator":{"name":"functions"},"function":{"name":"southamerica-east1-healthCheck"},"extension":{},"message":"[worker-southamerica-east1-healthCheck-61a5538b-296d-473f-bf01-fc27b0852726]: BUSY"}}
[debug] [2026-03-26T17:50:41.470Z] Finishing up request with event=pause {"metadata":{"emulator":{"name":"functions"},"function":{"name":"southamerica-east1-healthCheck"},"extension":{},"message":"Finishing up request with event=pause"}}
[info] i  functions: Finished "southamerica-east1-healthCheck" in 2.198134ms {"metadata":{"emulator":{"name":"functions"},"function":{"name":"southamerica-east1-healthCheck"},"extension":{},"message":"Finished \"southamerica-east1-healthCheck\" in 2.198134ms"}}
[debug] [2026-03-26T17:50:41.470Z] [worker-southamerica-east1-healthCheck-61a5538b-296d-473f-bf01-fc27b0852726]: IDLE {"metadata":{"emulator":{"name":"functions"},"function":{"name":"southamerica-east1-healthCheck"},"extension":{},"message":"[worker-southamerica-east1-healthCheck-61a5538b-296d-473f-bf01-fc27b0852726]: IDLE"}}
[debug] [2026-03-26T17:50:41.470Z] Finishing up request with event=finish {"metadata":{"emulator":{"name":"functions"},"function":{"name":"southamerica-east1-healthCheck"},"extension":{},"message":"Finishing up request with event=finish"}}
[debug] [2026-03-26T17:50:41.470Z] Finishing up request with event=close {"metadata":{"emulator":{"name":"functions"},"function":{"name":"southamerica-east1-healthCheck"},"extension":{},"message":"Finishing up request with event=close"}}
[debug] [2026-03-26T17:50:41.470Z] [work-queue] {"queuedWork":[],"queueLength":0,"runningWork":[],"workRunningCount":0}
[debug] [2026-03-26T17:50:41.476Z] [work-queue] {"queuedWork":["/projeto-nexus-62ebb/southamerica-east1/sendPushNotification-2026-03-26T17:50:41.476Z"],"queueLength":1,"runningWork":[],"workRunningCount":0}
[debug] [2026-03-26T17:50:41.476Z] [work-queue] {"queuedWork":[],"queueLength":0,"runningWork":["/projeto-nexus-62ebb/southamerica-east1/sendPushNotification-2026-03-26T17:50:41.476Z"],"workRunningCount":1}
[debug] [2026-03-26T17:50:41.476Z] Accepted request OPTIONS /projeto-nexus-62ebb/southamerica-east1/sendPushNotification --> southamerica-east1-sendPushNotification
[debug] [2026-03-26T17:50:41.479Z] [functions] Runtime ready! Sending request! {"metadata":{"emulator":{"name":"functions"},"message":"[functions] Runtime ready! Sending request!"}}
[debug] [2026-03-26T17:50:41.479Z] [functions] Got req.url=/projeto-nexus-62ebb/southamerica-east1/sendPushNotification, mapping to path=/ {"metadata":{"emulator":{"name":"functions"},"message":"[functions] Got req.url=/projeto-nexus-62ebb/southamerica-east1/sendPushNotification, mapping to path=/"}}
[debug] [2026-03-26T17:50:41.479Z] [worker-pool] submitRequest(triggerId=southamerica-east1-sendPushNotification) {"metadata":{"emulator":{"name":"functions"},"message":"[worker-pool] submitRequest(triggerId=southamerica-east1-sendPushNotification)"}}
[info] i  functions: Beginning execution of "southamerica-east1-sendPushNotification" {"metadata":{"emulator":{"name":"functions"},"function":{"name":"southamerica-east1-sendPushNotification"},"extension":{},"message":"Beginning execution of \"southamerica-east1-sendPushNotification\""}}
[debug] [2026-03-26T17:50:41.479Z] [worker-southamerica-east1-sendPushNotification-554b3166-3457-47cf-a107-4e0066d80f14]: BUSY {"metadata":{"emulator":{"name":"functions"},"function":{"name":"southamerica-east1-sendPushNotification"},"extension":{},"message":"[worker-southamerica-east1-sendPushNotification-554b3166-3457-47cf-a107-4e0066d80f14]: BUSY"}}
[debug] [2026-03-26T17:50:41.482Z] Finishing up request with event=pause {"metadata":{"emulator":{"name":"functions"},"function":{"name":"southamerica-east1-sendPushNotification"},"extension":{},"message":"Finishing up request with event=pause"}}
[info] i  functions: Finished "southamerica-east1-sendPushNotification" in 3.13708ms {"metadata":{"emulator":{"name":"functions"},"function":{"name":"southamerica-east1-sendPushNotification"},"extension":{},"message":"Finished \"southamerica-east1-sendPushNotification\" in 3.13708ms"}}
[debug] [2026-03-26T17:50:41.483Z] [worker-southamerica-east1-sendPushNotification-554b3166-3457-47cf-a107-4e0066d80f14]: IDLE {"metadata":{"emulator":{"name":"functions"},"function":{"name":"southamerica-east1-sendPushNotification"},"extension":{},"message":"[worker-southamerica-east1-sendPushNotification-554b3166-3457-47cf-a107-4e0066d80f14]: IDLE"}}
[debug] [2026-03-26T17:50:41.483Z] Finishing up request with event=finish {"metadata":{"emulator":{"name":"functions"},"function":{"name":"southamerica-east1-sendPushNotification"},"extension":{},"message":"Finishing up request with event=finish"}}
[debug] [2026-03-26T17:50:41.483Z] Finishing up request with event=close {"metadata":{"emulator":{"name":"functions"},"function":{"name":"southamerica-east1-sendPushNotification"},"extension":{},"message":"Finishing up request with event=close"}}
[debug] [2026-03-26T17:50:41.483Z] [work-queue] {"queuedWork":[],"queueLength":0,"runningWork":[],"workRunningCount":0}
[debug] [2026-03-26T17:50:41.483Z] [work-queue] {"queuedWork":["/projeto-nexus-62ebb/southamerica-east1/sendPushNotification-2026-03-26T17:50:41.483Z"],"queueLength":1,"runningWork":[],"workRunningCount":0}
[debug] [2026-03-26T17:50:41.484Z] [work-queue] {"queuedWork":[],"queueLength":0,"runningWork":["/projeto-nexus-62ebb/southamerica-east1/sendPushNotification-2026-03-26T17:50:41.483Z"],"workRunningCount":1}
[debug] [2026-03-26T17:50:41.484Z] Accepted request POST /projeto-nexus-62ebb/southamerica-east1/sendPushNotification --> southamerica-east1-sendPushNotification
[debug] [2026-03-26T17:50:41.486Z] [functions] Runtime ready! Sending request! {"metadata":{"emulator":{"name":"functions"},"message":"[functions] Runtime ready! Sending request!"}}
[debug] [2026-03-26T17:50:41.486Z] [functions] Got req.url=/projeto-nexus-62ebb/southamerica-east1/sendPushNotification, mapping to path=/ {"metadata":{"emulator":{"name":"functions"},"message":"[functions] Got req.url=/projeto-nexus-62ebb/southamerica-east1/sendPushNotification, mapping to path=/"}}
[debug] [2026-03-26T17:50:41.486Z] [worker-pool] submitRequest(triggerId=southamerica-east1-sendPushNotification) {"metadata":{"emulator":{"name":"functions"},"message":"[worker-pool] submitRequest(triggerId=southamerica-east1-sendPushNotification)"}}
[info] i  functions: Beginning execution of "southamerica-east1-sendPushNotification" {"metadata":{"emulator":{"name":"functions"},"function":{"name":"southamerica-east1-sendPushNotification"},"extension":{},"message":"Beginning execution of \"southamerica-east1-sendPushNotification\""}}
[debug] [2026-03-26T17:50:41.486Z] [worker-southamerica-east1-sendPushNotification-554b3166-3457-47cf-a107-4e0066d80f14]: BUSY {"metadata":{"emulator":{"name":"functions"},"function":{"name":"southamerica-east1-sendPushNotification"},"extension":{},"message":"[worker-southamerica-east1-sendPushNotification-554b3166-3457-47cf-a107-4e0066d80f14]: BUSY"}}
[debug] [2026-03-26T17:50:41.500Z] Finishing up request with event=pause {"metadata":{"emulator":{"name":"functions"},"function":{"name":"southamerica-east1-sendPushNotification"},"extension":{},"message":"Finishing up request with event=pause"}}
[info] i  functions: Finished "southamerica-east1-sendPushNotification" in 13.374469ms {"metadata":{"emulator":{"name":"functions"},"function":{"name":"southamerica-east1-sendPushNotification"},"extension":{},"message":"Finished \"southamerica-east1-sendPushNotification\" in 13.374469ms"}}
[debug] [2026-03-26T17:50:41.500Z] [worker-southamerica-east1-sendPushNotification-554b3166-3457-47cf-a107-4e0066d80f14]: IDLE {"metadata":{"emulator":{"name":"functions"},"function":{"name":"southamerica-east1-sendPushNotification"},"extension":{},"message":"[worker-southamerica-east1-sendPushNotification-554b3166-3457-47cf-a107-4e0066d80f14]: IDLE"}}
[debug] [2026-03-26T17:50:41.500Z] Finishing up request with event=finish {"metadata":{"emulator":{"name":"functions"},"function":{"name":"southamerica-east1-sendPushNotification"},"extension":{},"message":"Finishing up request with event=finish"}}
[debug] [2026-03-26T17:50:41.500Z] Finishing up request with event=close {"metadata":{"emulator":{"name":"functions"},"function":{"name":"southamerica-east1-sendPushNotification"},"extension":{},"message":"Finishing up request with event=close"}}
[debug] [2026-03-26T17:50:41.500Z] [work-queue] {"queuedWork":[],"queueLength":0,"runningWork":[],"workRunningCount":0}
[debug] [2026-03-26T17:50:41.531Z] Mar 26, 2026 2:50:41 PM io.gapi.emulators.netty.HttpVersionRoutingHandler channelRead
INFO: Detected non-HTTP/2 connection.
 {"metadata":{"emulator":{"name":"firestore"},"message":"Mar 26, 2026 2:50:41 PM io.gapi.emulators.netty.HttpVersionRoutingHandler channelRead\nINFO: Detected non-HTTP/2 connection.\n"}}
[debug] [2026-03-26T17:51:13.526Z] Mar 26, 2026 2:51:13 PM io.gapi.emulators.netty.HttpVersionRoutingHandler channelRead
INFO: Detected non-HTTP/2 connection.
 {"metadata":{"emulator":{"name":"firestore"},"message":"Mar 26, 2026 2:51:13 PM io.gapi.emulators.netty.HttpVersionRoutingHandler channelRead\nINFO: Detected non-HTTP/2 connection.\n"}}
[debug] [2026-03-26T17:51:16.826Z] [work-queue] {"queuedWork":["/projeto-nexus-62ebb/southamerica-east1/healthCheck-2026-03-26T17:51:16.826Z"],"queueLength":1,"runningWork":[],"workRunningCount":0}
[debug] [2026-03-26T17:51:16.826Z] [work-queue] {"queuedWork":[],"queueLength":0,"runningWork":["/projeto-nexus-62ebb/southamerica-east1/healthCheck-2026-03-26T17:51:16.826Z"],"workRunningCount":1}
[debug] [2026-03-26T17:51:16.826Z] Accepted request OPTIONS /projeto-nexus-62ebb/southamerica-east1/healthCheck --> southamerica-east1-healthCheck
[debug] [2026-03-26T17:51:16.828Z] [functions] Runtime ready! Sending request! {"metadata":{"emulator":{"name":"functions"},"message":"[functions] Runtime ready! Sending request!"}}
[debug] [2026-03-26T17:51:16.828Z] [functions] Got req.url=/projeto-nexus-62ebb/southamerica-east1/healthCheck, mapping to path=/ {"metadata":{"emulator":{"name":"functions"},"message":"[functions] Got req.url=/projeto-nexus-62ebb/southamerica-east1/healthCheck, mapping to path=/"}}
[debug] [2026-03-26T17:51:16.828Z] [worker-pool] submitRequest(triggerId=southamerica-east1-healthCheck) {"metadata":{"emulator":{"name":"functions"},"message":"[worker-pool] submitRequest(triggerId=southamerica-east1-healthCheck)"}}
[info] i  functions: Beginning execution of "southamerica-east1-healthCheck" {"metadata":{"emulator":{"name":"functions"},"function":{"name":"southamerica-east1-healthCheck"},"extension":{},"message":"Beginning execution of \"southamerica-east1-healthCheck\""}}
[debug] [2026-03-26T17:51:16.828Z] [worker-southamerica-east1-healthCheck-61a5538b-296d-473f-bf01-fc27b0852726]: BUSY {"metadata":{"emulator":{"name":"functions"},"function":{"name":"southamerica-east1-healthCheck"},"extension":{},"message":"[worker-southamerica-east1-healthCheck-61a5538b-296d-473f-bf01-fc27b0852726]: BUSY"}}
[debug] [2026-03-26T17:51:16.831Z] Finishing up request with event=pause {"metadata":{"emulator":{"name":"functions"},"function":{"name":"southamerica-east1-healthCheck"},"extension":{},"message":"Finishing up request with event=pause"}}
[info] i  functions: Finished "southamerica-east1-healthCheck" in 2.546463ms {"metadata":{"emulator":{"name":"functions"},"function":{"name":"southamerica-east1-healthCheck"},"extension":{},"message":"Finished \"southamerica-east1-healthCheck\" in 2.546463ms"}}
[debug] [2026-03-26T17:51:16.831Z] [worker-southamerica-east1-healthCheck-61a5538b-296d-473f-bf01-fc27b0852726]: IDLE {"metadata":{"emulator":{"name":"functions"},"function":{"name":"southamerica-east1-healthCheck"},"extension":{},"message":"[worker-southamerica-east1-healthCheck-61a5538b-296d-473f-bf01-fc27b0852726]: IDLE"}}
[debug] [2026-03-26T17:51:16.831Z] Finishing up request with event=finish {"metadata":{"emulator":{"name":"functions"},"function":{"name":"southamerica-east1-healthCheck"},"extension":{},"message":"Finishing up request with event=finish"}}
[debug] [2026-03-26T17:51:16.831Z] Finishing up request with event=close {"metadata":{"emulator":{"name":"functions"},"function":{"name":"southamerica-east1-healthCheck"},"extension":{},"message":"Finishing up request with event=close"}}
[debug] [2026-03-26T17:51:16.832Z] [work-queue] {"queuedWork":[],"queueLength":0,"runningWork":[],"workRunningCount":0}
[debug] [2026-03-26T17:51:16.832Z] [work-queue] {"queuedWork":["/projeto-nexus-62ebb/southamerica-east1/healthCheck-2026-03-26T17:51:16.832Z"],"queueLength":1,"runningWork":[],"workRunningCount":0}
[debug] [2026-03-26T17:51:16.832Z] [work-queue] {"queuedWork":[],"queueLength":0,"runningWork":["/projeto-nexus-62ebb/southamerica-east1/healthCheck-2026-03-26T17:51:16.832Z"],"workRunningCount":1}
[debug] [2026-03-26T17:51:16.832Z] Accepted request GET /projeto-nexus-62ebb/southamerica-east1/healthCheck --> southamerica-east1-healthCheck
[debug] [2026-03-26T17:51:16.834Z] [functions] Runtime ready! Sending request! {"metadata":{"emulator":{"name":"functions"},"message":"[functions] Runtime ready! Sending request!"}}
[debug] [2026-03-26T17:51:16.834Z] [functions] Got req.url=/projeto-nexus-62ebb/southamerica-east1/healthCheck, mapping to path=/ {"metadata":{"emulator":{"name":"functions"},"message":"[functions] Got req.url=/projeto-nexus-62ebb/southamerica-east1/healthCheck, mapping to path=/"}}
[debug] [2026-03-26T17:51:16.834Z] [worker-pool] submitRequest(triggerId=southamerica-east1-healthCheck) {"metadata":{"emulator":{"name":"functions"},"message":"[worker-pool] submitRequest(triggerId=southamerica-east1-healthCheck)"}}
[info] i  functions: Beginning execution of "southamerica-east1-healthCheck" {"metadata":{"emulator":{"name":"functions"},"function":{"name":"southamerica-east1-healthCheck"},"extension":{},"message":"Beginning execution of \"southamerica-east1-healthCheck\""}}
[debug] [2026-03-26T17:51:16.835Z] [worker-southamerica-east1-healthCheck-61a5538b-296d-473f-bf01-fc27b0852726]: BUSY {"metadata":{"emulator":{"name":"functions"},"function":{"name":"southamerica-east1-healthCheck"},"extension":{},"message":"[worker-southamerica-east1-healthCheck-61a5538b-296d-473f-bf01-fc27b0852726]: BUSY"}}
[debug] [2026-03-26T17:51:16.837Z] Finishing up request with event=pause {"metadata":{"emulator":{"name":"functions"},"function":{"name":"southamerica-east1-healthCheck"},"extension":{},"message":"Finishing up request with event=pause"}}
[info] i  functions: Finished "southamerica-east1-healthCheck" in 2.773302ms {"metadata":{"emulator":{"name":"functions"},"function":{"name":"southamerica-east1-healthCheck"},"extension":{},"message":"Finished \"southamerica-east1-healthCheck\" in 2.773302ms"}}
[debug] [2026-03-26T17:51:16.838Z] [worker-southamerica-east1-healthCheck-61a5538b-296d-473f-bf01-fc27b0852726]: IDLE {"metadata":{"emulator":{"name":"functions"},"function":{"name":"southamerica-east1-healthCheck"},"extension":{},"message":"[worker-southamerica-east1-healthCheck-61a5538b-296d-473f-bf01-fc27b0852726]: IDLE"}}
[debug] [2026-03-26T17:51:16.838Z] Finishing up request with event=finish {"metadata":{"emulator":{"name":"functions"},"function":{"name":"southamerica-east1-healthCheck"},"extension":{},"message":"Finishing up request with event=finish"}}
[debug] [2026-03-26T17:51:16.838Z] Finishing up request with event=close {"metadata":{"emulator":{"name":"functions"},"function":{"name":"southamerica-east1-healthCheck"},"extension":{},"message":"Finishing up request with event=close"}}
[debug] [2026-03-26T17:51:16.838Z] [work-queue] {"queuedWork":[],"queueLength":0,"runningWork":[],"workRunningCount":0}
[debug] [2026-03-26T17:51:16.845Z] [work-queue] {"queuedWork":["/projeto-nexus-62ebb/southamerica-east1/sendPushNotification-2026-03-26T17:51:16.844Z"],"queueLength":1,"runningWork":[],"workRunningCount":0}
[debug] [2026-03-26T17:51:16.845Z] [work-queue] {"queuedWork":[],"queueLength":0,"runningWork":["/projeto-nexus-62ebb/southamerica-east1/sendPushNotification-2026-03-26T17:51:16.844Z"],"workRunningCount":1}
[debug] [2026-03-26T17:51:16.845Z] Accepted request OPTIONS /projeto-nexus-62ebb/southamerica-east1/sendPushNotification --> southamerica-east1-sendPushNotification
[debug] [2026-03-26T17:51:16.846Z] [functions] Runtime ready! Sending request! {"metadata":{"emulator":{"name":"functions"},"message":"[functions] Runtime ready! Sending request!"}}
[debug] [2026-03-26T17:51:16.847Z] [functions] Got req.url=/projeto-nexus-62ebb/southamerica-east1/sendPushNotification, mapping to path=/ {"metadata":{"emulator":{"name":"functions"},"message":"[functions] Got req.url=/projeto-nexus-62ebb/southamerica-east1/sendPushNotification, mapping to path=/"}}
[debug] [2026-03-26T17:51:16.847Z] [worker-pool] submitRequest(triggerId=southamerica-east1-sendPushNotification) {"metadata":{"emulator":{"name":"functions"},"message":"[worker-pool] submitRequest(triggerId=southamerica-east1-sendPushNotification)"}}
[info] i  functions: Beginning execution of "southamerica-east1-sendPushNotification" {"metadata":{"emulator":{"name":"functions"},"function":{"name":"southamerica-east1-sendPushNotification"},"extension":{},"message":"Beginning execution of \"southamerica-east1-sendPushNotification\""}}
[debug] [2026-03-26T17:51:16.847Z] [worker-southamerica-east1-sendPushNotification-554b3166-3457-47cf-a107-4e0066d80f14]: BUSY {"metadata":{"emulator":{"name":"functions"},"function":{"name":"southamerica-east1-sendPushNotification"},"extension":{},"message":"[worker-southamerica-east1-sendPushNotification-554b3166-3457-47cf-a107-4e0066d80f14]: BUSY"}}
[debug] [2026-03-26T17:51:16.850Z] Finishing up request with event=pause {"metadata":{"emulator":{"name":"functions"},"function":{"name":"southamerica-east1-sendPushNotification"},"extension":{},"message":"Finishing up request with event=pause"}}
[info] i  functions: Finished "southamerica-east1-sendPushNotification" in 4.03676ms {"metadata":{"emulator":{"name":"functions"},"function":{"name":"southamerica-east1-sendPushNotification"},"extension":{},"message":"Finished \"southamerica-east1-sendPushNotification\" in 4.03676ms"}}
[debug] [2026-03-26T17:51:16.851Z] [worker-southamerica-east1-sendPushNotification-554b3166-3457-47cf-a107-4e0066d80f14]: IDLE {"metadata":{"emulator":{"name":"functions"},"function":{"name":"southamerica-east1-sendPushNotification"},"extension":{},"message":"[worker-southamerica-east1-sendPushNotification-554b3166-3457-47cf-a107-4e0066d80f14]: IDLE"}}
[debug] [2026-03-26T17:51:16.851Z] Finishing up request with event=finish {"metadata":{"emulator":{"name":"functions"},"function":{"name":"southamerica-east1-sendPushNotification"},"extension":{},"message":"Finishing up request with event=finish"}}
[debug] [2026-03-26T17:51:16.852Z] Finishing up request with event=close {"metadata":{"emulator":{"name":"functions"},"function":{"name":"southamerica-east1-sendPushNotification"},"extension":{},"message":"Finishing up request with event=close"}}
[debug] [2026-03-26T17:51:16.852Z] [work-queue] {"queuedWork":[],"queueLength":0,"runningWork":[],"workRunningCount":0}
[debug] [2026-03-26T17:51:16.852Z] [work-queue] {"queuedWork":["/projeto-nexus-62ebb/southamerica-east1/sendPushNotification-2026-03-26T17:51:16.852Z"],"queueLength":1,"runningWork":[],"workRunningCount":0}
[debug] [2026-03-26T17:51:16.852Z] [work-queue] {"queuedWork":[],"queueLength":0,"runningWork":["/projeto-nexus-62ebb/southamerica-east1/sendPushNotification-2026-03-26T17:51:16.852Z"],"workRunningCount":1}
[debug] [2026-03-26T17:51:16.852Z] Accepted request POST /projeto-nexus-62ebb/southamerica-east1/sendPushNotification --> southamerica-east1-sendPushNotification
[debug] [2026-03-26T17:51:16.855Z] [functions] Runtime ready! Sending request! {"metadata":{"emulator":{"name":"functions"},"message":"[functions] Runtime ready! Sending request!"}}
[debug] [2026-03-26T17:51:16.855Z] [functions] Got req.url=/projeto-nexus-62ebb/southamerica-east1/sendPushNotification, mapping to path=/ {"metadata":{"emulator":{"name":"functions"},"message":"[functions] Got req.url=/projeto-nexus-62ebb/southamerica-east1/sendPushNotification, mapping to path=/"}}
[debug] [2026-03-26T17:51:16.856Z] [worker-pool] submitRequest(triggerId=southamerica-east1-sendPushNotification) {"metadata":{"emulator":{"name":"functions"},"message":"[worker-pool] submitRequest(triggerId=southamerica-east1-sendPushNotification)"}}
[info] i  functions: Beginning execution of "southamerica-east1-sendPushNotification" {"metadata":{"emulator":{"name":"functions"},"function":{"name":"southamerica-east1-sendPushNotification"},"extension":{},"message":"Beginning execution of \"southamerica-east1-sendPushNotification\""}}
[debug] [2026-03-26T17:51:16.856Z] [worker-southamerica-east1-sendPushNotification-554b3166-3457-47cf-a107-4e0066d80f14]: BUSY {"metadata":{"emulator":{"name":"functions"},"function":{"name":"southamerica-east1-sendPushNotification"},"extension":{},"message":"[worker-southamerica-east1-sendPushNotification-554b3166-3457-47cf-a107-4e0066d80f14]: BUSY"}}
[debug] [2026-03-26T17:51:16.868Z] Finishing up request with event=pause {"metadata":{"emulator":{"name":"functions"},"function":{"name":"southamerica-east1-sendPushNotification"},"extension":{},"message":"Finishing up request with event=pause"}}
[info] i  functions: Finished "southamerica-east1-sendPushNotification" in 12.363158ms {"metadata":{"emulator":{"name":"functions"},"function":{"name":"southamerica-east1-sendPushNotification"},"extension":{},"message":"Finished \"southamerica-east1-sendPushNotification\" in 12.363158ms"}}
[debug] [2026-03-26T17:51:16.869Z] [worker-southamerica-east1-sendPushNotification-554b3166-3457-47cf-a107-4e0066d80f14]: IDLE {"metadata":{"emulator":{"name":"functions"},"function":{"name":"southamerica-east1-sendPushNotification"},"extension":{},"message":"[worker-southamerica-east1-sendPushNotification-554b3166-3457-47cf-a107-4e0066d80f14]: IDLE"}}
[debug] [2026-03-26T17:51:16.869Z] Finishing up request with event=finish {"metadata":{"emulator":{"name":"functions"},"function":{"name":"southamerica-east1-sendPushNotification"},"extension":{},"message":"Finishing up request with event=finish"}}
[debug] [2026-03-26T17:51:16.869Z] Finishing up request with event=close {"metadata":{"emulator":{"name":"functions"},"function":{"name":"southamerica-east1-sendPushNotification"},"extension":{},"message":"Finishing up request with event=close"}}
[debug] [2026-03-26T17:51:16.869Z] [work-queue] {"queuedWork":[],"queueLength":0,"runningWork":[],"workRunningCount":0}
[debug] [2026-03-26T17:51:16.900Z] Mar 26, 2026 2:51:16 PM io.gapi.emulators.netty.HttpVersionRoutingHandler channelRead
INFO: Detected non-HTTP/2 connection.
 {"metadata":{"emulator":{"name":"firestore"},"message":"Mar 26, 2026 2:51:16 PM io.gapi.emulators.netty.HttpVersionRoutingHandler channelRead\nINFO: Detected non-HTTP/2 connection.\n"}}
[debug] [2026-03-26T17:51:16.930Z] Mar 26, 2026 2:51:16 PM io.gapi.emulators.netty.HttpVersionRoutingHandler channelRead
INFO: Detected non-HTTP/2 connection.
 {"metadata":{"emulator":{"name":"firestore"},"message":"Mar 26, 2026 2:51:16 PM io.gapi.emulators.netty.HttpVersionRoutingHandler channelRead\nINFO: Detected non-HTTP/2 connection.\n"}}
[debug] [2026-03-26T17:51:27.932Z] Mar 26, 2026 2:51:27 PM io.gapi.emulators.netty.HttpVersionRoutingHandler channelRead
INFO: Detected non-HTTP/2 connection.
 {"metadata":{"emulator":{"name":"firestore"},"message":"Mar 26, 2026 2:51:27 PM io.gapi.emulators.netty.HttpVersionRoutingHandler channelRead\nINFO: Detected non-HTTP/2 connection.\n"}}
[debug] [2026-03-26T17:51:27.932Z] Mar 26, 2026 2:51:27 PM io.gapi.emulators.netty.HttpVersionRoutingHandler channelRead
INFO: Detected non-HTTP/2 connection.
 {"metadata":{"emulator":{"name":"firestore"},"message":"Mar 26, 2026 2:51:27 PM io.gapi.emulators.netty.HttpVersionRoutingHandler channelRead\nINFO: Detected non-HTTP/2 connection.\n"}}
[debug] [2026-03-26T17:51:28.292Z] Mar 26, 2026 2:51:28 PM io.gapi.emulators.netty.HttpVersionRoutingHandler channelRead
INFO: Detected non-HTTP/2 connection.
 {"metadata":{"emulator":{"name":"firestore"},"message":"Mar 26, 2026 2:51:28 PM io.gapi.emulators.netty.HttpVersionRoutingHandler channelRead\nINFO: Detected non-HTTP/2 connection.\n"}}
[debug] [2026-03-26T17:51:28.302Z] Mar 26, 2026 2:51:28 PM io.gapi.emulators.netty.HttpVersionRoutingHandler channelRead
INFO: Detected non-HTTP/2 connection.
 {"metadata":{"emulator":{"name":"firestore"},"message":"Mar 26, 2026 2:51:28 PM io.gapi.emulators.netty.HttpVersionRoutingHandler channelRead\nINFO: Detected non-HTTP/2 connection.\n"}}
[debug] [2026-03-26T17:51:28.312Z] Mar 26, 2026 2:51:28 PM io.gapi.emulators.netty.HttpVersionRoutingHandler channelRead
INFO: Detected non-HTTP/2 connection.
 {"metadata":{"emulator":{"name":"firestore"},"message":"Mar 26, 2026 2:51:28 PM io.gapi.emulators.netty.HttpVersionRoutingHandler channelRead\nINFO: Detected non-HTTP/2 connection.\n"}}
[debug] [2026-03-26T17:51:28.321Z] Mar 26, 2026 2:51:28 PM io.gapi.emulators.netty.HttpVersionRoutingHandler channelRead
INFO: Detected non-HTTP/2 connection.
 {"metadata":{"emulator":{"name":"firestore"},"message":"Mar 26, 2026 2:51:28 PM io.gapi.emulators.netty.HttpVersionRoutingHandler channelRead\nINFO: Detected non-HTTP/2 connection.\n"}}
[debug] [2026-03-26T17:51:28.336Z] Mar 26, 2026 2:51:28 PM io.gapi.emulators.netty.HttpVersionRoutingHandler channelRead
INFO: Detected non-HTTP/2 connection.
 {"metadata":{"emulator":{"name":"firestore"},"message":"Mar 26, 2026 2:51:28 PM io.gapi.emulators.netty.HttpVersionRoutingHandler channelRead\nINFO: Detected non-HTTP/2 connection.\n"}}
[debug] [2026-03-26T17:51:28.351Z] Mar 26, 2026 2:51:28 PM io.gapi.emulators.netty.HttpVersionRoutingHandler channelRead
INFO: Detected non-HTTP/2 connection.
 {"metadata":{"emulator":{"name":"firestore"},"message":"Mar 26, 2026 2:51:28 PM io.gapi.emulators.netty.HttpVersionRoutingHandler channelRead\nINFO: Detected non-HTTP/2 connection.\n"}}
[debug] [2026-03-26T17:51:30.528Z] Mar 26, 2026 2:51:30 PM io.gapi.emulators.netty.HttpVersionRoutingHandler channelRead
INFO: Detected non-HTTP/2 connection.
 {"metadata":{"emulator":{"name":"firestore"},"message":"Mar 26, 2026 2:51:30 PM io.gapi.emulators.netty.HttpVersionRoutingHandler channelRead\nINFO: Detected non-HTTP/2 connection.\n"}}
[debug] [2026-03-26T17:51:30.923Z] Mar 26, 2026 2:51:30 PM io.gapi.emulators.netty.HttpVersionRoutingHandler channelRead
INFO: Detected non-HTTP/2 connection.
 {"metadata":{"emulator":{"name":"firestore"},"message":"Mar 26, 2026 2:51:30 PM io.gapi.emulators.netty.HttpVersionRoutingHandler channelRead\nINFO: Detected non-HTTP/2 connection.\n"}}
[debug] [2026-03-26T17:51:30.935Z] Mar 26, 2026 2:51:30 PM io.gapi.emulators.netty.HttpVersionRoutingHandler channelRead
INFO: Detected non-HTTP/2 connection.
 {"metadata":{"emulator":{"name":"firestore"},"message":"Mar 26, 2026 2:51:30 PM io.gapi.emulators.netty.HttpVersionRoutingHandler channelRead\nINFO: Detected non-HTTP/2 connection.\n"}}
[debug] [2026-03-26T17:51:30.943Z] Mar 26, 2026 2:51:30 PM io.gapi.emulators.netty.HttpVersionRoutingHandler channelRead
INFO: Detected non-HTTP/2 connection.
 {"metadata":{"emulator":{"name":"firestore"},"message":"Mar 26, 2026 2:51:30 PM io.gapi.emulators.netty.HttpVersionRoutingHandler channelRead\nINFO: Detected non-HTTP/2 connection.\n"}}
[debug] [2026-03-26T17:51:30.952Z] Mar 26, 2026 2:51:30 PM io.gapi.emulators.netty.HttpVersionRoutingHandler channelRead
INFO: Detected non-HTTP/2 connection.
 {"metadata":{"emulator":{"name":"firestore"},"message":"Mar 26, 2026 2:51:30 PM io.gapi.emulators.netty.HttpVersionRoutingHandler channelRead\nINFO: Detected non-HTTP/2 connection.\n"}}
[debug] [2026-03-26T17:51:30.964Z] Mar 26, 2026 2:51:30 PM io.gapi.emulators.netty.HttpVersionRoutingHandler channelRead
INFO: Detected non-HTTP/2 connection.
 {"metadata":{"emulator":{"name":"firestore"},"message":"Mar 26, 2026 2:51:30 PM io.gapi.emulators.netty.HttpVersionRoutingHandler channelRead\nINFO: Detected non-HTTP/2 connection.\n"}}
[debug] [2026-03-26T17:51:30.972Z] Mar 26, 2026 2:51:30 PM io.gapi.emulators.netty.HttpVersionRoutingHandler channelRead
INFO: Detected non-HTTP/2 connection.
 {"metadata":{"emulator":{"name":"firestore"},"message":"Mar 26, 2026 2:51:30 PM io.gapi.emulators.netty.HttpVersionRoutingHandler channelRead\nINFO: Detected non-HTTP/2 connection.\n"}}
[debug] [2026-03-26T17:51:30.983Z] Mar 26, 2026 2:51:30 PM io.gapi.emulators.netty.HttpVersionRoutingHandler channelRead
INFO: Detected non-HTTP/2 connection.
 {"metadata":{"emulator":{"name":"firestore"},"message":"Mar 26, 2026 2:51:30 PM io.gapi.emulators.netty.HttpVersionRoutingHandler channelRead\nINFO: Detected non-HTTP/2 connection.\n"}}
[debug] [2026-03-26T17:51:31.011Z] Mar 26, 2026 2:51:31 PM io.gapi.emulators.netty.HttpVersionRoutingHandler channelRead
INFO: Detected non-HTTP/2 connection.
 {"metadata":{"emulator":{"name":"firestore"},"message":"Mar 26, 2026 2:51:31 PM io.gapi.emulators.netty.HttpVersionRoutingHandler channelRead\nINFO: Detected non-HTTP/2 connection.\n"}}
[debug] [2026-03-26T17:51:31.043Z] Mar 26, 2026 2:51:31 PM io.gapi.emulators.netty.HttpVersionRoutingHandler channelRead
INFO: Detected non-HTTP/2 connection.
 {"metadata":{"emulator":{"name":"firestore"},"message":"Mar 26, 2026 2:51:31 PM io.gapi.emulators.netty.HttpVersionRoutingHandler channelRead\nINFO: Detected non-HTTP/2 connection.\n"}}
[debug] [2026-03-26T17:51:31.066Z] Mar 26, 2026 2:51:31 PM io.gapi.emulators.netty.HttpVersionRoutingHandler channelRead
INFO: Detected non-HTTP/2 connection.
 {"metadata":{"emulator":{"name":"firestore"},"message":"Mar 26, 2026 2:51:31 PM io.gapi.emulators.netty.HttpVersionRoutingHandler channelRead\nINFO: Detected non-HTTP/2 connection.\n"}}
[debug] [2026-03-26T17:51:31.085Z] Mar 26, 2026 2:51:31 PM io.gapi.emulators.netty.HttpVersionRoutingHandler channelRead
INFO: Detected non-HTTP/2 connection.
 {"metadata":{"emulator":{"name":"firestore"},"message":"Mar 26, 2026 2:51:31 PM io.gapi.emulators.netty.HttpVersionRoutingHandler channelRead\nINFO: Detected non-HTTP/2 connection.\n"}}
[debug] [2026-03-26T17:51:33.006Z] Mar 26, 2026 2:51:33 PM io.gapi.emulators.netty.HttpVersionRoutingHandler channelRead
INFO: Detected non-HTTP/2 connection.
 {"metadata":{"emulator":{"name":"firestore"},"message":"Mar 26, 2026 2:51:33 PM io.gapi.emulators.netty.HttpVersionRoutingHandler channelRead\nINFO: Detected non-HTTP/2 connection.\n"}}
[debug] [2026-03-26T17:51:33.019Z] Mar 26, 2026 2:51:33 PM io.gapi.emulators.netty.HttpVersionRoutingHandler channelRead
INFO: Detected non-HTTP/2 connection.
 {"metadata":{"emulator":{"name":"firestore"},"message":"Mar 26, 2026 2:51:33 PM io.gapi.emulators.netty.HttpVersionRoutingHandler channelRead\nINFO: Detected non-HTTP/2 connection.\n"}}
[debug] [2026-03-26T17:51:34.846Z] Mar 26, 2026 2:51:34 PM io.gapi.emulators.netty.HttpVersionRoutingHandler channelRead
INFO: Detected non-HTTP/2 connection.
 {"metadata":{"emulator":{"name":"firestore"},"message":"Mar 26, 2026 2:51:34 PM io.gapi.emulators.netty.HttpVersionRoutingHandler channelRead\nINFO: Detected non-HTTP/2 connection.\n"}}
[debug] [2026-03-26T17:51:34.859Z] Mar 26, 2026 2:51:34 PM io.gapi.emulators.netty.HttpVersionRoutingHandler channelRead
INFO: Detected non-HTTP/2 connection.
 {"metadata":{"emulator":{"name":"firestore"},"message":"Mar 26, 2026 2:51:34 PM io.gapi.emulators.netty.HttpVersionRoutingHandler channelRead\nINFO: Detected non-HTTP/2 connection.\n"}}
[debug] [2026-03-26T17:51:34.860Z] Mar 26, 2026 2:51:34 PM io.gapi.emulators.netty.HttpVersionRoutingHandler channelRead
INFO: Detected non-HTTP/2 connection.
 {"metadata":{"emulator":{"name":"firestore"},"message":"Mar 26, 2026 2:51:34 PM io.gapi.emulators.netty.HttpVersionRoutingHandler channelRead\nINFO: Detected non-HTTP/2 connection.\n"}}
[debug] [2026-03-26T17:51:34.871Z] Mar 26, 2026 2:51:34 PM io.gapi.emulators.netty.HttpVersionRoutingHandler channelRead
INFO: Detected non-HTTP/2 connection.
 {"metadata":{"emulator":{"name":"firestore"},"message":"Mar 26, 2026 2:51:34 PM io.gapi.emulators.netty.HttpVersionRoutingHandler channelRead\nINFO: Detected non-HTTP/2 connection.\n"}}
[debug] [2026-03-26T17:51:34.878Z] Mar 26, 2026 2:51:34 PM io.gapi.emulators.netty.HttpVersionRoutingHandler channelRead
INFO: Detected non-HTTP/2 connection.
 {"metadata":{"emulator":{"name":"firestore"},"message":"Mar 26, 2026 2:51:34 PM io.gapi.emulators.netty.HttpVersionRoutingHandler channelRead\nINFO: Detected non-HTTP/2 connection.\n"}}
[debug] [2026-03-26T17:52:21.720Z] Mar 26, 2026 2:52:21 PM io.gapi.emulators.netty.HttpVersionRoutingHandler channelRead
INFO: Detected non-HTTP/2 connection.
 {"metadata":{"emulator":{"name":"firestore"},"message":"Mar 26, 2026 2:52:21 PM io.gapi.emulators.netty.HttpVersionRoutingHandler channelRead\nINFO: Detected non-HTTP/2 connection.\n"}}
[debug] [2026-03-26T17:52:21.720Z] Mar 26, 2026 2:52:21 PM io.gapi.emulators.netty.HttpVersionRoutingHandler channelRead
INFO: Detected non-HTTP/2 connection.
 {"metadata":{"emulator":{"name":"firestore"},"message":"Mar 26, 2026 2:52:21 PM io.gapi.emulators.netty.HttpVersionRoutingHandler channelRead\nINFO: Detected non-HTTP/2 connection.\n"}}
[debug] [2026-03-26T17:52:34.908Z] Mar 26, 2026 2:52:34 PM io.gapi.emulators.netty.HttpVersionRoutingHandler channelRead
INFO: Detected non-HTTP/2 connection.
 {"metadata":{"emulator":{"name":"firestore"},"message":"Mar 26, 2026 2:52:34 PM io.gapi.emulators.netty.HttpVersionRoutingHandler channelRead\nINFO: Detected non-HTTP/2 connection.\n"}}
[debug] [2026-03-26T17:52:34.908Z] Mar 26, 2026 2:52:34 PM io.gapi.emulators.netty.HttpVersionRoutingHandler channelRead
INFO: Detected non-HTTP/2 connection.
 {"metadata":{"emulator":{"name":"firestore"},"message":"Mar 26, 2026 2:52:34 PM io.gapi.emulators.netty.HttpVersionRoutingHandler channelRead\nINFO: Detected non-HTTP/2 connection.\n"}}
[debug] [2026-03-26T17:52:34.911Z] Mar 26, 2026 2:52:34 PM com.google.cloud.datastore.emulator.firestore.webchannel.FirestoreV1WebChannelAdapter$FirestoreListenHandler onClose
INFO: channel closed
 {"metadata":{"emulator":{"name":"firestore"},"message":"Mar 26, 2026 2:52:34 PM com.google.cloud.datastore.emulator.firestore.webchannel.FirestoreV1WebChannelAdapter$FirestoreListenHandler onClose\nINFO: channel closed\n"}}
[debug] [2026-03-26T17:52:34.913Z] Mar 26, 2026 2:52:34 PM com.google.cloud.datastore.emulator.firestore.webchannel.FirestoreV1WebChannelAdapter$FirestoreWriteHandler onClose
INFO: channel closed
 {"metadata":{"emulator":{"name":"firestore"},"message":"Mar 26, 2026 2:52:34 PM com.google.cloud.datastore.emulator.firestore.webchannel.FirestoreV1WebChannelAdapter$FirestoreWriteHandler onClose\nINFO: channel closed\n"}}
[debug] [2026-03-26T17:53:19.576Z] Mar 26, 2026 2:53:19 PM io.gapi.emulators.netty.HttpVersionRoutingHandler channelRead
INFO: Detected non-HTTP/2 connection.
 {"metadata":{"emulator":{"name":"firestore"},"message":"Mar 26, 2026 2:53:19 PM io.gapi.emulators.netty.HttpVersionRoutingHandler channelRead\nINFO: Detected non-HTTP/2 connection.\n"}}
[debug] [2026-03-26T17:53:19.883Z] Mar 26, 2026 2:53:19 PM io.gapi.emulators.netty.HttpVersionRoutingHandler channelRead
INFO: Detected non-HTTP/2 connection.
 {"metadata":{"emulator":{"name":"firestore"},"message":"Mar 26, 2026 2:53:19 PM io.gapi.emulators.netty.HttpVersionRoutingHandler channelRead\nINFO: Detected non-HTTP/2 connection.\n"}}
[debug] [2026-03-26T17:53:19.926Z] Mar 26, 2026 2:53:19 PM io.gapi.emulators.netty.HttpVersionRoutingHandler channelRead
INFO: Detected non-HTTP/2 connection.
 {"metadata":{"emulator":{"name":"firestore"},"message":"Mar 26, 2026 2:53:19 PM io.gapi.emulators.netty.HttpVersionRoutingHandler channelRead\nINFO: Detected non-HTTP/2 connection.\n"}}
[debug] [2026-03-26T17:53:19.942Z] Mar 26, 2026 2:53:19 PM io.gapi.emulators.netty.HttpVersionRoutingHandler channelRead
INFO: Detected non-HTTP/2 connection.
 {"metadata":{"emulator":{"name":"firestore"},"message":"Mar 26, 2026 2:53:19 PM io.gapi.emulators.netty.HttpVersionRoutingHandler channelRead\nINFO: Detected non-HTTP/2 connection.\n"}}
[debug] [2026-03-26T17:53:20.036Z] Mar 26, 2026 2:53:20 PM io.gapi.emulators.netty.HttpVersionRoutingHandler channelRead
INFO: Detected non-HTTP/2 connection.
 {"metadata":{"emulator":{"name":"firestore"},"message":"Mar 26, 2026 2:53:20 PM io.gapi.emulators.netty.HttpVersionRoutingHandler channelRead\nINFO: Detected non-HTTP/2 connection.\n"}}
[debug] [2026-03-26T17:53:20.061Z] Mar 26, 2026 2:53:20 PM io.gapi.emulators.netty.HttpVersionRoutingHandler channelRead
INFO: Detected non-HTTP/2 connection.
 {"metadata":{"emulator":{"name":"firestore"},"message":"Mar 26, 2026 2:53:20 PM io.gapi.emulators.netty.HttpVersionRoutingHandler channelRead\nINFO: Detected non-HTTP/2 connection.\n"}}
[debug] [2026-03-26T17:53:20.095Z] Mar 26, 2026 2:53:20 PM io.gapi.emulators.netty.HttpVersionRoutingHandler channelRead
INFO: Detected non-HTTP/2 connection.
 {"metadata":{"emulator":{"name":"firestore"},"message":"Mar 26, 2026 2:53:20 PM io.gapi.emulators.netty.HttpVersionRoutingHandler channelRead\nINFO: Detected non-HTTP/2 connection.\n"}}
[debug] [2026-03-26T17:53:22.139Z] Mar 26, 2026 2:53:22 PM io.gapi.emulators.netty.HttpVersionRoutingHandler channelRead
INFO: Detected non-HTTP/2 connection.
 {"metadata":{"emulator":{"name":"firestore"},"message":"Mar 26, 2026 2:53:22 PM io.gapi.emulators.netty.HttpVersionRoutingHandler channelRead\nINFO: Detected non-HTTP/2 connection.\n"}}
[debug] [2026-03-26T17:53:23.061Z] Mar 26, 2026 2:53:23 PM io.gapi.emulators.netty.HttpVersionRoutingHandler channelRead
INFO: Detected non-HTTP/2 connection.
 {"metadata":{"emulator":{"name":"firestore"},"message":"Mar 26, 2026 2:53:23 PM io.gapi.emulators.netty.HttpVersionRoutingHandler channelRead\nINFO: Detected non-HTTP/2 connection.\n"}}
[debug] [2026-03-26T17:53:23.174Z] Mar 26, 2026 2:53:23 PM io.gapi.emulators.netty.HttpVersionRoutingHandler channelRead
INFO: Detected non-HTTP/2 connection.
 {"metadata":{"emulator":{"name":"firestore"},"message":"Mar 26, 2026 2:53:23 PM io.gapi.emulators.netty.HttpVersionRoutingHandler channelRead\nINFO: Detected non-HTTP/2 connection.\n"}}
[debug] [2026-03-26T17:53:23.186Z] Mar 26, 2026 2:53:23 PM io.gapi.emulators.netty.HttpVersionRoutingHandler channelRead
INFO: Detected non-HTTP/2 connection.
 {"metadata":{"emulator":{"name":"firestore"},"message":"Mar 26, 2026 2:53:23 PM io.gapi.emulators.netty.HttpVersionRoutingHandler channelRead\nINFO: Detected non-HTTP/2 connection.\n"}}
[debug] [2026-03-26T17:53:23.343Z] Mar 26, 2026 2:53:23 PM io.gapi.emulators.netty.HttpVersionRoutingHandler channelRead
INFO: Detected non-HTTP/2 connection.
 {"metadata":{"emulator":{"name":"firestore"},"message":"Mar 26, 2026 2:53:23 PM io.gapi.emulators.netty.HttpVersionRoutingHandler channelRead\nINFO: Detected non-HTTP/2 connection.\n"}}
[debug] [2026-03-26T17:53:23.370Z] Mar 26, 2026 2:53:23 PM io.gapi.emulators.netty.HttpVersionRoutingHandler channelRead
INFO: Detected non-HTTP/2 connection.
 {"metadata":{"emulator":{"name":"firestore"},"message":"Mar 26, 2026 2:53:23 PM io.gapi.emulators.netty.HttpVersionRoutingHandler channelRead\nINFO: Detected non-HTTP/2 connection.\n"}}
[debug] [2026-03-26T17:53:23.411Z] Mar 26, 2026 2:53:23 PM io.gapi.emulators.netty.HttpVersionRoutingHandler channelRead
INFO: Detected non-HTTP/2 connection.
 {"metadata":{"emulator":{"name":"firestore"},"message":"Mar 26, 2026 2:53:23 PM io.gapi.emulators.netty.HttpVersionRoutingHandler channelRead\nINFO: Detected non-HTTP/2 connection.\n"}}
[debug] [2026-03-26T17:53:23.521Z] Mar 26, 2026 2:53:23 PM io.gapi.emulators.netty.HttpVersionRoutingHandler channelRead
INFO: Detected non-HTTP/2 connection.
 {"metadata":{"emulator":{"name":"firestore"},"message":"Mar 26, 2026 2:53:23 PM io.gapi.emulators.netty.HttpVersionRoutingHandler channelRead\nINFO: Detected non-HTTP/2 connection.\n"}}
[debug] [2026-03-26T17:53:23.641Z] Mar 26, 2026 2:53:23 PM io.gapi.emulators.netty.HttpVersionRoutingHandler channelRead
INFO: Detected non-HTTP/2 connection.
 {"metadata":{"emulator":{"name":"firestore"},"message":"Mar 26, 2026 2:53:23 PM io.gapi.emulators.netty.HttpVersionRoutingHandler channelRead\nINFO: Detected non-HTTP/2 connection.\n"}}
[debug] [2026-03-26T17:53:23.689Z] Mar 26, 2026 2:53:23 PM io.gapi.emulators.netty.HttpVersionRoutingHandler channelRead
INFO: Detected non-HTTP/2 connection.
 {"metadata":{"emulator":{"name":"firestore"},"message":"Mar 26, 2026 2:53:23 PM io.gapi.emulators.netty.HttpVersionRoutingHandler channelRead\nINFO: Detected non-HTTP/2 connection.\n"}}
[debug] [2026-03-26T17:53:23.744Z] Mar 26, 2026 2:53:23 PM io.gapi.emulators.netty.HttpVersionRoutingHandler channelRead
INFO: Detected non-HTTP/2 connection.
 {"metadata":{"emulator":{"name":"firestore"},"message":"Mar 26, 2026 2:53:23 PM io.gapi.emulators.netty.HttpVersionRoutingHandler channelRead\nINFO: Detected non-HTTP/2 connection.\n"}}
[debug] [2026-03-26T17:53:25.431Z] Mar 26, 2026 2:53:25 PM io.gapi.emulators.netty.HttpVersionRoutingHandler channelRead
INFO: Detected non-HTTP/2 connection.
 {"metadata":{"emulator":{"name":"firestore"},"message":"Mar 26, 2026 2:53:25 PM io.gapi.emulators.netty.HttpVersionRoutingHandler channelRead\nINFO: Detected non-HTTP/2 connection.\n"}}
[debug] [2026-03-26T17:53:25.450Z] Mar 26, 2026 2:53:25 PM io.gapi.emulators.netty.HttpVersionRoutingHandler channelRead
INFO: Detected non-HTTP/2 connection.
 {"metadata":{"emulator":{"name":"firestore"},"message":"Mar 26, 2026 2:53:25 PM io.gapi.emulators.netty.HttpVersionRoutingHandler channelRead\nINFO: Detected non-HTTP/2 connection.\n"}}
[debug] [2026-03-26T17:53:28.286Z] Mar 26, 2026 2:53:28 PM io.gapi.emulators.netty.HttpVersionRoutingHandler channelRead
INFO: Detected non-HTTP/2 connection.
 {"metadata":{"emulator":{"name":"firestore"},"message":"Mar 26, 2026 2:53:28 PM io.gapi.emulators.netty.HttpVersionRoutingHandler channelRead\nINFO: Detected non-HTTP/2 connection.\n"}}
[debug] [2026-03-26T17:53:28.305Z] Mar 26, 2026 2:53:28 PM io.gapi.emulators.netty.HttpVersionRoutingHandler channelRead
INFO: Detected non-HTTP/2 connection.
 {"metadata":{"emulator":{"name":"firestore"},"message":"Mar 26, 2026 2:53:28 PM io.gapi.emulators.netty.HttpVersionRoutingHandler channelRead\nINFO: Detected non-HTTP/2 connection.\n"}}
[debug] [2026-03-26T17:53:28.306Z] Mar 26, 2026 2:53:28 PM io.gapi.emulators.netty.HttpVersionRoutingHandler channelRead
INFO: Detected non-HTTP/2 connection.
 {"metadata":{"emulator":{"name":"firestore"},"message":"Mar 26, 2026 2:53:28 PM io.gapi.emulators.netty.HttpVersionRoutingHandler channelRead\nINFO: Detected non-HTTP/2 connection.\n"}}
[debug] [2026-03-26T17:53:28.318Z] Mar 26, 2026 2:53:28 PM io.gapi.emulators.netty.HttpVersionRoutingHandler channelRead
INFO: Detected non-HTTP/2 connection.
 {"metadata":{"emulator":{"name":"firestore"},"message":"Mar 26, 2026 2:53:28 PM io.gapi.emulators.netty.HttpVersionRoutingHandler channelRead\nINFO: Detected non-HTTP/2 connection.\n"}}
[debug] [2026-03-26T17:53:28.327Z] Mar 26, 2026 2:53:28 PM io.gapi.emulators.netty.HttpVersionRoutingHandler channelRead
INFO: Detected non-HTTP/2 connection.
 {"metadata":{"emulator":{"name":"firestore"},"message":"Mar 26, 2026 2:53:28 PM io.gapi.emulators.netty.HttpVersionRoutingHandler channelRead\nINFO: Detected non-HTTP/2 connection.\n"}}
[debug] [2026-03-26T17:53:36.374Z] Mar 26, 2026 2:53:36 PM io.gapi.emulators.netty.HttpVersionRoutingHandler channelRead
INFO: Detected non-HTTP/2 connection.
 {"metadata":{"emulator":{"name":"firestore"},"message":"Mar 26, 2026 2:53:36 PM io.gapi.emulators.netty.HttpVersionRoutingHandler channelRead\nINFO: Detected non-HTTP/2 connection.\n"}}
[debug] [2026-03-26T17:53:36.432Z] Mar 26, 2026 2:53:36 PM io.gapi.emulators.netty.HttpVersionRoutingHandler channelRead
INFO: Detected non-HTTP/2 connection.
 {"metadata":{"emulator":{"name":"firestore"},"message":"Mar 26, 2026 2:53:36 PM io.gapi.emulators.netty.HttpVersionRoutingHandler channelRead\nINFO: Detected non-HTTP/2 connection.\n"}}
[debug] [2026-03-26T17:53:36.466Z] Mar 26, 2026 2:53:36 PM io.gapi.emulators.netty.HttpVersionRoutingHandler channelRead
INFO: Detected non-HTTP/2 connection.
 {"metadata":{"emulator":{"name":"firestore"},"message":"Mar 26, 2026 2:53:36 PM io.gapi.emulators.netty.HttpVersionRoutingHandler channelRead\nINFO: Detected non-HTTP/2 connection.\n"}}
[debug] [2026-03-26T17:53:36.487Z] Mar 26, 2026 2:53:36 PM io.gapi.emulators.netty.HttpVersionRoutingHandler channelRead
INFO: Detected non-HTTP/2 connection.
 {"metadata":{"emulator":{"name":"firestore"},"message":"Mar 26, 2026 2:53:36 PM io.gapi.emulators.netty.HttpVersionRoutingHandler channelRead\nINFO: Detected non-HTTP/2 connection.\n"}}
[debug] [2026-03-26T17:53:40.137Z] Mar 26, 2026 2:53:40 PM io.gapi.emulators.netty.HttpVersionRoutingHandler channelRead
INFO: Detected non-HTTP/2 connection.
 {"metadata":{"emulator":{"name":"firestore"},"message":"Mar 26, 2026 2:53:40 PM io.gapi.emulators.netty.HttpVersionRoutingHandler channelRead\nINFO: Detected non-HTTP/2 connection.\n"}}
[debug] [2026-03-26T17:53:40.196Z] Mar 26, 2026 2:53:40 PM io.gapi.emulators.netty.HttpVersionRoutingHandler channelRead
INFO: Detected non-HTTP/2 connection.
 {"metadata":{"emulator":{"name":"firestore"},"message":"Mar 26, 2026 2:53:40 PM io.gapi.emulators.netty.HttpVersionRoutingHandler channelRead\nINFO: Detected non-HTTP/2 connection.\n"}}
[debug] [2026-03-26T17:54:15.001Z] Mar 26, 2026 2:54:14 PM io.gapi.emulators.netty.HttpVersionRoutingHandler channelRead
INFO: Detected non-HTTP/2 connection.
 {"metadata":{"emulator":{"name":"firestore"},"message":"Mar 26, 2026 2:54:14 PM io.gapi.emulators.netty.HttpVersionRoutingHandler channelRead\nINFO: Detected non-HTTP/2 connection.\n"}}
[debug] [2026-03-26T17:54:23.105Z] [work-queue] {"queuedWork":["/projeto-nexus-62ebb/southamerica-east1/healthCheck-2026-03-26T17:54:23.102Z"],"queueLength":1,"runningWork":[],"workRunningCount":0}
[debug] [2026-03-26T17:54:23.109Z] [work-queue] {"queuedWork":[],"queueLength":0,"runningWork":["/projeto-nexus-62ebb/southamerica-east1/healthCheck-2026-03-26T17:54:23.102Z"],"workRunningCount":1}
[debug] [2026-03-26T17:54:23.111Z] Accepted request OPTIONS /projeto-nexus-62ebb/southamerica-east1/healthCheck --> southamerica-east1-healthCheck
[debug] [2026-03-26T17:54:23.217Z] [functions] Runtime ready! Sending request! {"metadata":{"emulator":{"name":"functions"},"message":"[functions] Runtime ready! Sending request!"}}
[debug] [2026-03-26T17:54:23.222Z] [functions] Got req.url=/projeto-nexus-62ebb/southamerica-east1/healthCheck, mapping to path=/ {"metadata":{"emulator":{"name":"functions"},"message":"[functions] Got req.url=/projeto-nexus-62ebb/southamerica-east1/healthCheck, mapping to path=/"}}
[debug] [2026-03-26T17:54:23.225Z] [worker-pool] submitRequest(triggerId=southamerica-east1-healthCheck) {"metadata":{"emulator":{"name":"functions"},"message":"[worker-pool] submitRequest(triggerId=southamerica-east1-healthCheck)"}}
[info] i  functions: Beginning execution of "southamerica-east1-healthCheck" {"metadata":{"emulator":{"name":"functions"},"function":{"name":"southamerica-east1-healthCheck"},"extension":{},"message":"Beginning execution of \"southamerica-east1-healthCheck\""}}
[debug] [2026-03-26T17:54:23.235Z] [worker-southamerica-east1-healthCheck-61a5538b-296d-473f-bf01-fc27b0852726]: BUSY {"metadata":{"emulator":{"name":"functions"},"function":{"name":"southamerica-east1-healthCheck"},"extension":{},"message":"[worker-southamerica-east1-healthCheck-61a5538b-296d-473f-bf01-fc27b0852726]: BUSY"}}
[debug] [2026-03-26T17:54:23.362Z] Finishing up request with event=pause {"metadata":{"emulator":{"name":"functions"},"function":{"name":"southamerica-east1-healthCheck"},"extension":{},"message":"Finishing up request with event=pause"}}
[info] i  functions: Finished "southamerica-east1-healthCheck" in 127.654672ms {"metadata":{"emulator":{"name":"functions"},"function":{"name":"southamerica-east1-healthCheck"},"extension":{},"message":"Finished \"southamerica-east1-healthCheck\" in 127.654672ms"}}
[debug] [2026-03-26T17:54:23.363Z] [worker-southamerica-east1-healthCheck-61a5538b-296d-473f-bf01-fc27b0852726]: IDLE {"metadata":{"emulator":{"name":"functions"},"function":{"name":"southamerica-east1-healthCheck"},"extension":{},"message":"[worker-southamerica-east1-healthCheck-61a5538b-296d-473f-bf01-fc27b0852726]: IDLE"}}
[debug] [2026-03-26T17:54:23.363Z] Finishing up request with event=finish {"metadata":{"emulator":{"name":"functions"},"function":{"name":"southamerica-east1-healthCheck"},"extension":{},"message":"Finishing up request with event=finish"}}
[debug] [2026-03-26T17:54:23.363Z] Finishing up request with event=close {"metadata":{"emulator":{"name":"functions"},"function":{"name":"southamerica-east1-healthCheck"},"extension":{},"message":"Finishing up request with event=close"}}
[debug] [2026-03-26T17:54:23.363Z] [work-queue] {"queuedWork":[],"queueLength":0,"runningWork":[],"workRunningCount":0}
[debug] [2026-03-26T17:54:23.364Z] [work-queue] {"queuedWork":["/projeto-nexus-62ebb/southamerica-east1/healthCheck-2026-03-26T17:54:23.364Z"],"queueLength":1,"runningWork":[],"workRunningCount":0}
[debug] [2026-03-26T17:54:23.364Z] [work-queue] {"queuedWork":[],"queueLength":0,"runningWork":["/projeto-nexus-62ebb/southamerica-east1/healthCheck-2026-03-26T17:54:23.364Z"],"workRunningCount":1}
[debug] [2026-03-26T17:54:23.364Z] Accepted request GET /projeto-nexus-62ebb/southamerica-east1/healthCheck --> southamerica-east1-healthCheck
[debug] [2026-03-26T17:54:23.366Z] [functions] Runtime ready! Sending request! {"metadata":{"emulator":{"name":"functions"},"message":"[functions] Runtime ready! Sending request!"}}
[debug] [2026-03-26T17:54:23.367Z] [functions] Got req.url=/projeto-nexus-62ebb/southamerica-east1/healthCheck, mapping to path=/ {"metadata":{"emulator":{"name":"functions"},"message":"[functions] Got req.url=/projeto-nexus-62ebb/southamerica-east1/healthCheck, mapping to path=/"}}
[debug] [2026-03-26T17:54:23.367Z] [worker-pool] submitRequest(triggerId=southamerica-east1-healthCheck) {"metadata":{"emulator":{"name":"functions"},"message":"[worker-pool] submitRequest(triggerId=southamerica-east1-healthCheck)"}}
[info] i  functions: Beginning execution of "southamerica-east1-healthCheck" {"metadata":{"emulator":{"name":"functions"},"function":{"name":"southamerica-east1-healthCheck"},"extension":{},"message":"Beginning execution of \"southamerica-east1-healthCheck\""}}
[debug] [2026-03-26T17:54:23.370Z] [worker-southamerica-east1-healthCheck-61a5538b-296d-473f-bf01-fc27b0852726]: BUSY {"metadata":{"emulator":{"name":"functions"},"function":{"name":"southamerica-east1-healthCheck"},"extension":{},"message":"[worker-southamerica-east1-healthCheck-61a5538b-296d-473f-bf01-fc27b0852726]: BUSY"}}
[debug] [2026-03-26T17:54:23.395Z] Finishing up request with event=pause {"metadata":{"emulator":{"name":"functions"},"function":{"name":"southamerica-east1-healthCheck"},"extension":{},"message":"Finishing up request with event=pause"}}
[info] i  functions: Finished "southamerica-east1-healthCheck" in 25.263521ms {"metadata":{"emulator":{"name":"functions"},"function":{"name":"southamerica-east1-healthCheck"},"extension":{},"message":"Finished \"southamerica-east1-healthCheck\" in 25.263521ms"}}
[debug] [2026-03-26T17:54:23.396Z] [worker-southamerica-east1-healthCheck-61a5538b-296d-473f-bf01-fc27b0852726]: IDLE {"metadata":{"emulator":{"name":"functions"},"function":{"name":"southamerica-east1-healthCheck"},"extension":{},"message":"[worker-southamerica-east1-healthCheck-61a5538b-296d-473f-bf01-fc27b0852726]: IDLE"}}
[debug] [2026-03-26T17:54:23.397Z] Finishing up request with event=finish {"metadata":{"emulator":{"name":"functions"},"function":{"name":"southamerica-east1-healthCheck"},"extension":{},"message":"Finishing up request with event=finish"}}
[debug] [2026-03-26T17:54:23.397Z] Finishing up request with event=close {"metadata":{"emulator":{"name":"functions"},"function":{"name":"southamerica-east1-healthCheck"},"extension":{},"message":"Finishing up request with event=close"}}
[debug] [2026-03-26T17:54:23.397Z] [work-queue] {"queuedWork":[],"queueLength":0,"runningWork":[],"workRunningCount":0}
[debug] [2026-03-26T17:54:23.408Z] [work-queue] {"queuedWork":["/projeto-nexus-62ebb/southamerica-east1/sendPushNotification-2026-03-26T17:54:23.408Z"],"queueLength":1,"runningWork":[],"workRunningCount":0}
[debug] [2026-03-26T17:54:23.408Z] [work-queue] {"queuedWork":[],"queueLength":0,"runningWork":["/projeto-nexus-62ebb/southamerica-east1/sendPushNotification-2026-03-26T17:54:23.408Z"],"workRunningCount":1}
[debug] [2026-03-26T17:54:23.409Z] Accepted request OPTIONS /projeto-nexus-62ebb/southamerica-east1/sendPushNotification --> southamerica-east1-sendPushNotification
[debug] [2026-03-26T17:54:23.440Z] [functions] Runtime ready! Sending request! {"metadata":{"emulator":{"name":"functions"},"message":"[functions] Runtime ready! Sending request!"}}
[debug] [2026-03-26T17:54:23.440Z] [functions] Got req.url=/projeto-nexus-62ebb/southamerica-east1/sendPushNotification, mapping to path=/ {"metadata":{"emulator":{"name":"functions"},"message":"[functions] Got req.url=/projeto-nexus-62ebb/southamerica-east1/sendPushNotification, mapping to path=/"}}
[debug] [2026-03-26T17:54:23.440Z] [worker-pool] submitRequest(triggerId=southamerica-east1-sendPushNotification) {"metadata":{"emulator":{"name":"functions"},"message":"[worker-pool] submitRequest(triggerId=southamerica-east1-sendPushNotification)"}}
[info] i  functions: Beginning execution of "southamerica-east1-sendPushNotification" {"metadata":{"emulator":{"name":"functions"},"function":{"name":"southamerica-east1-sendPushNotification"},"extension":{},"message":"Beginning execution of \"southamerica-east1-sendPushNotification\""}}
[debug] [2026-03-26T17:54:23.441Z] [worker-southamerica-east1-sendPushNotification-554b3166-3457-47cf-a107-4e0066d80f14]: BUSY {"metadata":{"emulator":{"name":"functions"},"function":{"name":"southamerica-east1-sendPushNotification"},"extension":{},"message":"[worker-southamerica-east1-sendPushNotification-554b3166-3457-47cf-a107-4e0066d80f14]: BUSY"}}
[debug] [2026-03-26T17:54:23.578Z] Finishing up request with event=pause {"metadata":{"emulator":{"name":"functions"},"function":{"name":"southamerica-east1-sendPushNotification"},"extension":{},"message":"Finishing up request with event=pause"}}
[info] i  functions: Finished "southamerica-east1-sendPushNotification" in 137.328357ms {"metadata":{"emulator":{"name":"functions"},"function":{"name":"southamerica-east1-sendPushNotification"},"extension":{},"message":"Finished \"southamerica-east1-sendPushNotification\" in 137.328357ms"}}
[debug] [2026-03-26T17:54:23.579Z] [worker-southamerica-east1-sendPushNotification-554b3166-3457-47cf-a107-4e0066d80f14]: IDLE {"metadata":{"emulator":{"name":"functions"},"function":{"name":"southamerica-east1-sendPushNotification"},"extension":{},"message":"[worker-southamerica-east1-sendPushNotification-554b3166-3457-47cf-a107-4e0066d80f14]: IDLE"}}
[debug] [2026-03-26T17:54:23.579Z] Finishing up request with event=finish {"metadata":{"emulator":{"name":"functions"},"function":{"name":"southamerica-east1-sendPushNotification"},"extension":{},"message":"Finishing up request with event=finish"}}
[debug] [2026-03-26T17:54:23.579Z] Finishing up request with event=close {"metadata":{"emulator":{"name":"functions"},"function":{"name":"southamerica-east1-sendPushNotification"},"extension":{},"message":"Finishing up request with event=close"}}
[debug] [2026-03-26T17:54:23.579Z] [work-queue] {"queuedWork":[],"queueLength":0,"runningWork":[],"workRunningCount":0}
[debug] [2026-03-26T17:54:23.582Z] [work-queue] {"queuedWork":["/projeto-nexus-62ebb/southamerica-east1/sendPushNotification-2026-03-26T17:54:23.582Z"],"queueLength":1,"runningWork":[],"workRunningCount":0}
[debug] [2026-03-26T17:54:23.583Z] [work-queue] {"queuedWork":[],"queueLength":0,"runningWork":["/projeto-nexus-62ebb/southamerica-east1/sendPushNotification-2026-03-26T17:54:23.582Z"],"workRunningCount":1}
[debug] [2026-03-26T17:54:23.583Z] Accepted request POST /projeto-nexus-62ebb/southamerica-east1/sendPushNotification --> southamerica-east1-sendPushNotification
[debug] [2026-03-26T17:54:23.585Z] [functions] Runtime ready! Sending request! {"metadata":{"emulator":{"name":"functions"},"message":"[functions] Runtime ready! Sending request!"}}
[debug] [2026-03-26T17:54:23.585Z] [functions] Got req.url=/projeto-nexus-62ebb/southamerica-east1/sendPushNotification, mapping to path=/ {"metadata":{"emulator":{"name":"functions"},"message":"[functions] Got req.url=/projeto-nexus-62ebb/southamerica-east1/sendPushNotification, mapping to path=/"}}
[debug] [2026-03-26T17:54:23.586Z] [worker-pool] submitRequest(triggerId=southamerica-east1-sendPushNotification) {"metadata":{"emulator":{"name":"functions"},"message":"[worker-pool] submitRequest(triggerId=southamerica-east1-sendPushNotification)"}}
[info] i  functions: Beginning execution of "southamerica-east1-sendPushNotification" {"metadata":{"emulator":{"name":"functions"},"function":{"name":"southamerica-east1-sendPushNotification"},"extension":{},"message":"Beginning execution of \"southamerica-east1-sendPushNotification\""}}
[debug] [2026-03-26T17:54:23.586Z] [worker-southamerica-east1-sendPushNotification-554b3166-3457-47cf-a107-4e0066d80f14]: BUSY {"metadata":{"emulator":{"name":"functions"},"function":{"name":"southamerica-east1-sendPushNotification"},"extension":{},"message":"[worker-southamerica-east1-sendPushNotification-554b3166-3457-47cf-a107-4e0066d80f14]: BUSY"}}
[debug] [2026-03-26T17:54:23.824Z] Finishing up request with event=pause {"metadata":{"emulator":{"name":"functions"},"function":{"name":"southamerica-east1-sendPushNotification"},"extension":{},"message":"Finishing up request with event=pause"}}
[info] i  functions: Finished "southamerica-east1-sendPushNotification" in 238.11681ms {"metadata":{"emulator":{"name":"functions"},"function":{"name":"southamerica-east1-sendPushNotification"},"extension":{},"message":"Finished \"southamerica-east1-sendPushNotification\" in 238.11681ms"}}
[debug] [2026-03-26T17:54:23.824Z] [worker-southamerica-east1-sendPushNotification-554b3166-3457-47cf-a107-4e0066d80f14]: IDLE {"metadata":{"emulator":{"name":"functions"},"function":{"name":"southamerica-east1-sendPushNotification"},"extension":{},"message":"[worker-southamerica-east1-sendPushNotification-554b3166-3457-47cf-a107-4e0066d80f14]: IDLE"}}
[debug] [2026-03-26T17:54:23.824Z] Finishing up request with event=finish {"metadata":{"emulator":{"name":"functions"},"function":{"name":"southamerica-east1-sendPushNotification"},"extension":{},"message":"Finishing up request with event=finish"}}
[debug] [2026-03-26T17:54:23.824Z] Finishing up request with event=close {"metadata":{"emulator":{"name":"functions"},"function":{"name":"southamerica-east1-sendPushNotification"},"extension":{},"message":"Finishing up request with event=close"}}
[debug] [2026-03-26T17:54:23.824Z] [work-queue] {"queuedWork":[],"queueLength":0,"runningWork":[],"workRunningCount":0}
[debug] [2026-03-26T17:54:23.946Z] Mar 26, 2026 2:54:23 PM io.gapi.emulators.netty.HttpVersionRoutingHandler channelRead
INFO: Detected non-HTTP/2 connection.
 {"metadata":{"emulator":{"name":"firestore"},"message":"Mar 26, 2026 2:54:23 PM io.gapi.emulators.netty.HttpVersionRoutingHandler channelRead\nINFO: Detected non-HTTP/2 connection.\n"}}
[debug] [2026-03-26T17:54:25.265Z] Mar 26, 2026 2:54:25 PM io.gapi.emulators.netty.HttpVersionRoutingHandler channelRead
INFO: Detected non-HTTP/2 connection.
 {"metadata":{"emulator":{"name":"firestore"},"message":"Mar 26, 2026 2:54:25 PM io.gapi.emulators.netty.HttpVersionRoutingHandler channelRead\nINFO: Detected non-HTTP/2 connection.\n"}}
[debug] [2026-03-26T17:54:31.936Z] [work-queue] {"queuedWork":["/projeto-nexus-62ebb/southamerica-east1/healthCheck-2026-03-26T17:54:31.935Z"],"queueLength":1,"runningWork":[],"workRunningCount":0}
[debug] [2026-03-26T17:54:31.936Z] [work-queue] {"queuedWork":[],"queueLength":0,"runningWork":["/projeto-nexus-62ebb/southamerica-east1/healthCheck-2026-03-26T17:54:31.935Z"],"workRunningCount":1}
[debug] [2026-03-26T17:54:31.936Z] Accepted request OPTIONS /projeto-nexus-62ebb/southamerica-east1/healthCheck --> southamerica-east1-healthCheck
[debug] [2026-03-26T17:54:31.938Z] [functions] Runtime ready! Sending request! {"metadata":{"emulator":{"name":"functions"},"message":"[functions] Runtime ready! Sending request!"}}
[debug] [2026-03-26T17:54:31.938Z] [functions] Got req.url=/projeto-nexus-62ebb/southamerica-east1/healthCheck, mapping to path=/ {"metadata":{"emulator":{"name":"functions"},"message":"[functions] Got req.url=/projeto-nexus-62ebb/southamerica-east1/healthCheck, mapping to path=/"}}
[debug] [2026-03-26T17:54:31.938Z] [worker-pool] submitRequest(triggerId=southamerica-east1-healthCheck) {"metadata":{"emulator":{"name":"functions"},"message":"[worker-pool] submitRequest(triggerId=southamerica-east1-healthCheck)"}}
[info] i  functions: Beginning execution of "southamerica-east1-healthCheck" {"metadata":{"emulator":{"name":"functions"},"function":{"name":"southamerica-east1-healthCheck"},"extension":{},"message":"Beginning execution of \"southamerica-east1-healthCheck\""}}
[debug] [2026-03-26T17:54:31.938Z] [worker-southamerica-east1-healthCheck-61a5538b-296d-473f-bf01-fc27b0852726]: BUSY {"metadata":{"emulator":{"name":"functions"},"function":{"name":"southamerica-east1-healthCheck"},"extension":{},"message":"[worker-southamerica-east1-healthCheck-61a5538b-296d-473f-bf01-fc27b0852726]: BUSY"}}
[debug] [2026-03-26T17:54:31.941Z] Finishing up request with event=pause {"metadata":{"emulator":{"name":"functions"},"function":{"name":"southamerica-east1-healthCheck"},"extension":{},"message":"Finishing up request with event=pause"}}
[info] i  functions: Finished "southamerica-east1-healthCheck" in 3.242238ms {"metadata":{"emulator":{"name":"functions"},"function":{"name":"southamerica-east1-healthCheck"},"extension":{},"message":"Finished \"southamerica-east1-healthCheck\" in 3.242238ms"}}
[debug] [2026-03-26T17:54:31.942Z] [worker-southamerica-east1-healthCheck-61a5538b-296d-473f-bf01-fc27b0852726]: IDLE {"metadata":{"emulator":{"name":"functions"},"function":{"name":"southamerica-east1-healthCheck"},"extension":{},"message":"[worker-southamerica-east1-healthCheck-61a5538b-296d-473f-bf01-fc27b0852726]: IDLE"}}
[debug] [2026-03-26T17:54:31.942Z] Finishing up request with event=finish {"metadata":{"emulator":{"name":"functions"},"function":{"name":"southamerica-east1-healthCheck"},"extension":{},"message":"Finishing up request with event=finish"}}
[debug] [2026-03-26T17:54:31.942Z] Finishing up request with event=close {"metadata":{"emulator":{"name":"functions"},"function":{"name":"southamerica-east1-healthCheck"},"extension":{},"message":"Finishing up request with event=close"}}
[debug] [2026-03-26T17:54:31.943Z] [work-queue] {"queuedWork":[],"queueLength":0,"runningWork":[],"workRunningCount":0}
[debug] [2026-03-26T17:54:31.945Z] [work-queue] {"queuedWork":["/projeto-nexus-62ebb/southamerica-east1/healthCheck-2026-03-26T17:54:31.945Z"],"queueLength":1,"runningWork":[],"workRunningCount":0}
[debug] [2026-03-26T17:54:31.945Z] [work-queue] {"queuedWork":[],"queueLength":0,"runningWork":["/projeto-nexus-62ebb/southamerica-east1/healthCheck-2026-03-26T17:54:31.945Z"],"workRunningCount":1}
[debug] [2026-03-26T17:54:31.945Z] Accepted request GET /projeto-nexus-62ebb/southamerica-east1/healthCheck --> southamerica-east1-healthCheck
[debug] [2026-03-26T17:54:31.947Z] [functions] Runtime ready! Sending request! {"metadata":{"emulator":{"name":"functions"},"message":"[functions] Runtime ready! Sending request!"}}
[debug] [2026-03-26T17:54:31.947Z] [functions] Got req.url=/projeto-nexus-62ebb/southamerica-east1/healthCheck, mapping to path=/ {"metadata":{"emulator":{"name":"functions"},"message":"[functions] Got req.url=/projeto-nexus-62ebb/southamerica-east1/healthCheck, mapping to path=/"}}
[debug] [2026-03-26T17:54:31.947Z] [worker-pool] submitRequest(triggerId=southamerica-east1-healthCheck) {"metadata":{"emulator":{"name":"functions"},"message":"[worker-pool] submitRequest(triggerId=southamerica-east1-healthCheck)"}}
[info] i  functions: Beginning execution of "southamerica-east1-healthCheck" {"metadata":{"emulator":{"name":"functions"},"function":{"name":"southamerica-east1-healthCheck"},"extension":{},"message":"Beginning execution of \"southamerica-east1-healthCheck\""}}
[debug] [2026-03-26T17:54:31.947Z] [worker-southamerica-east1-healthCheck-61a5538b-296d-473f-bf01-fc27b0852726]: BUSY {"metadata":{"emulator":{"name":"functions"},"function":{"name":"southamerica-east1-healthCheck"},"extension":{},"message":"[worker-southamerica-east1-healthCheck-61a5538b-296d-473f-bf01-fc27b0852726]: BUSY"}}
[debug] [2026-03-26T17:54:31.950Z] Finishing up request with event=pause {"metadata":{"emulator":{"name":"functions"},"function":{"name":"southamerica-east1-healthCheck"},"extension":{},"message":"Finishing up request with event=pause"}}
[info] i  functions: Finished "southamerica-east1-healthCheck" in 3.062338ms {"metadata":{"emulator":{"name":"functions"},"function":{"name":"southamerica-east1-healthCheck"},"extension":{},"message":"Finished \"southamerica-east1-healthCheck\" in 3.062338ms"}}
[debug] [2026-03-26T17:54:31.951Z] [worker-southamerica-east1-healthCheck-61a5538b-296d-473f-bf01-fc27b0852726]: IDLE {"metadata":{"emulator":{"name":"functions"},"function":{"name":"southamerica-east1-healthCheck"},"extension":{},"message":"[worker-southamerica-east1-healthCheck-61a5538b-296d-473f-bf01-fc27b0852726]: IDLE"}}
[debug] [2026-03-26T17:54:31.951Z] Finishing up request with event=finish {"metadata":{"emulator":{"name":"functions"},"function":{"name":"southamerica-east1-healthCheck"},"extension":{},"message":"Finishing up request with event=finish"}}
[debug] [2026-03-26T17:54:31.951Z] Finishing up request with event=close {"metadata":{"emulator":{"name":"functions"},"function":{"name":"southamerica-east1-healthCheck"},"extension":{},"message":"Finishing up request with event=close"}}
[debug] [2026-03-26T17:54:31.951Z] [work-queue] {"queuedWork":[],"queueLength":0,"runningWork":[],"workRunningCount":0}
[debug] [2026-03-26T17:54:31.958Z] [work-queue] {"queuedWork":["/projeto-nexus-62ebb/southamerica-east1/sendPushNotification-2026-03-26T17:54:31.958Z"],"queueLength":1,"runningWork":[],"workRunningCount":0}
[debug] [2026-03-26T17:54:31.958Z] [work-queue] {"queuedWork":[],"queueLength":0,"runningWork":["/projeto-nexus-62ebb/southamerica-east1/sendPushNotification-2026-03-26T17:54:31.958Z"],"workRunningCount":1}
[debug] [2026-03-26T17:54:31.958Z] Accepted request OPTIONS /projeto-nexus-62ebb/southamerica-east1/sendPushNotification --> southamerica-east1-sendPushNotification
[debug] [2026-03-26T17:54:31.960Z] [functions] Runtime ready! Sending request! {"metadata":{"emulator":{"name":"functions"},"message":"[functions] Runtime ready! Sending request!"}}
[debug] [2026-03-26T17:54:31.960Z] [functions] Got req.url=/projeto-nexus-62ebb/southamerica-east1/sendPushNotification, mapping to path=/ {"metadata":{"emulator":{"name":"functions"},"message":"[functions] Got req.url=/projeto-nexus-62ebb/southamerica-east1/sendPushNotification, mapping to path=/"}}
[debug] [2026-03-26T17:54:31.960Z] [worker-pool] submitRequest(triggerId=southamerica-east1-sendPushNotification) {"metadata":{"emulator":{"name":"functions"},"message":"[worker-pool] submitRequest(triggerId=southamerica-east1-sendPushNotification)"}}
[info] i  functions: Beginning execution of "southamerica-east1-sendPushNotification" {"metadata":{"emulator":{"name":"functions"},"function":{"name":"southamerica-east1-sendPushNotification"},"extension":{},"message":"Beginning execution of \"southamerica-east1-sendPushNotification\""}}
[debug] [2026-03-26T17:54:31.960Z] [worker-southamerica-east1-sendPushNotification-554b3166-3457-47cf-a107-4e0066d80f14]: BUSY {"metadata":{"emulator":{"name":"functions"},"function":{"name":"southamerica-east1-sendPushNotification"},"extension":{},"message":"[worker-southamerica-east1-sendPushNotification-554b3166-3457-47cf-a107-4e0066d80f14]: BUSY"}}
[debug] [2026-03-26T17:54:31.961Z] Finishing up request with event=pause {"metadata":{"emulator":{"name":"functions"},"function":{"name":"southamerica-east1-sendPushNotification"},"extension":{},"message":"Finishing up request with event=pause"}}
[info] i  functions: Finished "southamerica-east1-sendPushNotification" in 1.589364ms {"metadata":{"emulator":{"name":"functions"},"function":{"name":"southamerica-east1-sendPushNotification"},"extension":{},"message":"Finished \"southamerica-east1-sendPushNotification\" in 1.589364ms"}}
[debug] [2026-03-26T17:54:31.962Z] [worker-southamerica-east1-sendPushNotification-554b3166-3457-47cf-a107-4e0066d80f14]: IDLE {"metadata":{"emulator":{"name":"functions"},"function":{"name":"southamerica-east1-sendPushNotification"},"extension":{},"message":"[worker-southamerica-east1-sendPushNotification-554b3166-3457-47cf-a107-4e0066d80f14]: IDLE"}}
[debug] [2026-03-26T17:54:31.962Z] Finishing up request with event=finish {"metadata":{"emulator":{"name":"functions"},"function":{"name":"southamerica-east1-sendPushNotification"},"extension":{},"message":"Finishing up request with event=finish"}}
[debug] [2026-03-26T17:54:31.962Z] Finishing up request with event=close {"metadata":{"emulator":{"name":"functions"},"function":{"name":"southamerica-east1-sendPushNotification"},"extension":{},"message":"Finishing up request with event=close"}}
[debug] [2026-03-26T17:54:31.962Z] [work-queue] {"queuedWork":[],"queueLength":0,"runningWork":[],"workRunningCount":0}
[debug] [2026-03-26T17:54:31.962Z] [work-queue] {"queuedWork":["/projeto-nexus-62ebb/southamerica-east1/sendPushNotification-2026-03-26T17:54:31.962Z"],"queueLength":1,"runningWork":[],"workRunningCount":0}
[debug] [2026-03-26T17:54:31.963Z] [work-queue] {"queuedWork":[],"queueLength":0,"runningWork":["/projeto-nexus-62ebb/southamerica-east1/sendPushNotification-2026-03-26T17:54:31.962Z"],"workRunningCount":1}
[debug] [2026-03-26T17:54:31.963Z] Accepted request POST /projeto-nexus-62ebb/southamerica-east1/sendPushNotification --> southamerica-east1-sendPushNotification
[debug] [2026-03-26T17:54:31.965Z] [functions] Runtime ready! Sending request! {"metadata":{"emulator":{"name":"functions"},"message":"[functions] Runtime ready! Sending request!"}}
[debug] [2026-03-26T17:54:31.965Z] [functions] Got req.url=/projeto-nexus-62ebb/southamerica-east1/sendPushNotification, mapping to path=/ {"metadata":{"emulator":{"name":"functions"},"message":"[functions] Got req.url=/projeto-nexus-62ebb/southamerica-east1/sendPushNotification, mapping to path=/"}}
[debug] [2026-03-26T17:54:31.965Z] [worker-pool] submitRequest(triggerId=southamerica-east1-sendPushNotification) {"metadata":{"emulator":{"name":"functions"},"message":"[worker-pool] submitRequest(triggerId=southamerica-east1-sendPushNotification)"}}
[info] i  functions: Beginning execution of "southamerica-east1-sendPushNotification" {"metadata":{"emulator":{"name":"functions"},"function":{"name":"southamerica-east1-sendPushNotification"},"extension":{},"message":"Beginning execution of \"southamerica-east1-sendPushNotification\""}}
[debug] [2026-03-26T17:54:31.965Z] [worker-southamerica-east1-sendPushNotification-554b3166-3457-47cf-a107-4e0066d80f14]: BUSY {"metadata":{"emulator":{"name":"functions"},"function":{"name":"southamerica-east1-sendPushNotification"},"extension":{},"message":"[worker-southamerica-east1-sendPushNotification-554b3166-3457-47cf-a107-4e0066d80f14]: BUSY"}}
[debug] [2026-03-26T17:54:32.004Z] Finishing up request with event=pause {"metadata":{"emulator":{"name":"functions"},"function":{"name":"southamerica-east1-sendPushNotification"},"extension":{},"message":"Finishing up request with event=pause"}}
[info] i  functions: Finished "southamerica-east1-sendPushNotification" in 38.863717ms {"metadata":{"emulator":{"name":"functions"},"function":{"name":"southamerica-east1-sendPushNotification"},"extension":{},"message":"Finished \"southamerica-east1-sendPushNotification\" in 38.863717ms"}}
[debug] [2026-03-26T17:54:32.004Z] [worker-southamerica-east1-sendPushNotification-554b3166-3457-47cf-a107-4e0066d80f14]: IDLE {"metadata":{"emulator":{"name":"functions"},"function":{"name":"southamerica-east1-sendPushNotification"},"extension":{},"message":"[worker-southamerica-east1-sendPushNotification-554b3166-3457-47cf-a107-4e0066d80f14]: IDLE"}}
[debug] [2026-03-26T17:54:32.004Z] Finishing up request with event=finish {"metadata":{"emulator":{"name":"functions"},"function":{"name":"southamerica-east1-sendPushNotification"},"extension":{},"message":"Finishing up request with event=finish"}}
[debug] [2026-03-26T17:54:32.004Z] Finishing up request with event=close {"metadata":{"emulator":{"name":"functions"},"function":{"name":"southamerica-east1-sendPushNotification"},"extension":{},"message":"Finishing up request with event=close"}}
[debug] [2026-03-26T17:54:32.004Z] [work-queue] {"queuedWork":[],"queueLength":0,"runningWork":[],"workRunningCount":0}
[debug] [2026-03-26T17:54:32.030Z] Mar 26, 2026 2:54:32 PM io.gapi.emulators.netty.HttpVersionRoutingHandler channelRead
INFO: Detected non-HTTP/2 connection.
 {"metadata":{"emulator":{"name":"firestore"},"message":"Mar 26, 2026 2:54:32 PM io.gapi.emulators.netty.HttpVersionRoutingHandler channelRead\nINFO: Detected non-HTTP/2 connection.\n"}}
[debug] [2026-03-26T17:54:37.390Z] [work-queue] {"queuedWork":["/projeto-nexus-62ebb/southamerica-east1/healthCheck-2026-03-26T17:54:37.390Z"],"queueLength":1,"runningWork":[],"workRunningCount":0}
[debug] [2026-03-26T17:54:37.390Z] [work-queue] {"queuedWork":[],"queueLength":0,"runningWork":["/projeto-nexus-62ebb/southamerica-east1/healthCheck-2026-03-26T17:54:37.390Z"],"workRunningCount":1}
[debug] [2026-03-26T17:54:37.390Z] Accepted request OPTIONS /projeto-nexus-62ebb/southamerica-east1/healthCheck --> southamerica-east1-healthCheck
[debug] [2026-03-26T17:54:37.392Z] [functions] Runtime ready! Sending request! {"metadata":{"emulator":{"name":"functions"},"message":"[functions] Runtime ready! Sending request!"}}
[debug] [2026-03-26T17:54:37.394Z] [functions] Got req.url=/projeto-nexus-62ebb/southamerica-east1/healthCheck, mapping to path=/ {"metadata":{"emulator":{"name":"functions"},"message":"[functions] Got req.url=/projeto-nexus-62ebb/southamerica-east1/healthCheck, mapping to path=/"}}
[debug] [2026-03-26T17:54:37.394Z] [worker-pool] submitRequest(triggerId=southamerica-east1-healthCheck) {"metadata":{"emulator":{"name":"functions"},"message":"[worker-pool] submitRequest(triggerId=southamerica-east1-healthCheck)"}}
[info] i  functions: Beginning execution of "southamerica-east1-healthCheck" {"metadata":{"emulator":{"name":"functions"},"function":{"name":"southamerica-east1-healthCheck"},"extension":{},"message":"Beginning execution of \"southamerica-east1-healthCheck\""}}
[debug] [2026-03-26T17:54:37.394Z] [worker-southamerica-east1-healthCheck-61a5538b-296d-473f-bf01-fc27b0852726]: BUSY {"metadata":{"emulator":{"name":"functions"},"function":{"name":"southamerica-east1-healthCheck"},"extension":{},"message":"[worker-southamerica-east1-healthCheck-61a5538b-296d-473f-bf01-fc27b0852726]: BUSY"}}
[debug] [2026-03-26T17:54:37.396Z] Finishing up request with event=pause {"metadata":{"emulator":{"name":"functions"},"function":{"name":"southamerica-east1-healthCheck"},"extension":{},"message":"Finishing up request with event=pause"}}
[info] i  functions: Finished "southamerica-east1-healthCheck" in 2.696006ms {"metadata":{"emulator":{"name":"functions"},"function":{"name":"southamerica-east1-healthCheck"},"extension":{},"message":"Finished \"southamerica-east1-healthCheck\" in 2.696006ms"}}
[debug] [2026-03-26T17:54:37.397Z] [worker-southamerica-east1-healthCheck-61a5538b-296d-473f-bf01-fc27b0852726]: IDLE {"metadata":{"emulator":{"name":"functions"},"function":{"name":"southamerica-east1-healthCheck"},"extension":{},"message":"[worker-southamerica-east1-healthCheck-61a5538b-296d-473f-bf01-fc27b0852726]: IDLE"}}
[debug] [2026-03-26T17:54:37.397Z] Finishing up request with event=finish {"metadata":{"emulator":{"name":"functions"},"function":{"name":"southamerica-east1-healthCheck"},"extension":{},"message":"Finishing up request with event=finish"}}
[debug] [2026-03-26T17:54:37.397Z] Finishing up request with event=close {"metadata":{"emulator":{"name":"functions"},"function":{"name":"southamerica-east1-healthCheck"},"extension":{},"message":"Finishing up request with event=close"}}
[debug] [2026-03-26T17:54:37.397Z] [work-queue] {"queuedWork":[],"queueLength":0,"runningWork":[],"workRunningCount":0}
[debug] [2026-03-26T17:54:37.398Z] [work-queue] {"queuedWork":["/projeto-nexus-62ebb/southamerica-east1/healthCheck-2026-03-26T17:54:37.398Z"],"queueLength":1,"runningWork":[],"workRunningCount":0}
[debug] [2026-03-26T17:54:37.398Z] [work-queue] {"queuedWork":[],"queueLength":0,"runningWork":["/projeto-nexus-62ebb/southamerica-east1/healthCheck-2026-03-26T17:54:37.398Z"],"workRunningCount":1}
[debug] [2026-03-26T17:54:37.398Z] Accepted request GET /projeto-nexus-62ebb/southamerica-east1/healthCheck --> southamerica-east1-healthCheck
[debug] [2026-03-26T17:54:37.400Z] [functions] Runtime ready! Sending request! {"metadata":{"emulator":{"name":"functions"},"message":"[functions] Runtime ready! Sending request!"}}
[debug] [2026-03-26T17:54:37.401Z] [functions] Got req.url=/projeto-nexus-62ebb/southamerica-east1/healthCheck, mapping to path=/ {"metadata":{"emulator":{"name":"functions"},"message":"[functions] Got req.url=/projeto-nexus-62ebb/southamerica-east1/healthCheck, mapping to path=/"}}
[debug] [2026-03-26T17:54:37.401Z] [worker-pool] submitRequest(triggerId=southamerica-east1-healthCheck) {"metadata":{"emulator":{"name":"functions"},"message":"[worker-pool] submitRequest(triggerId=southamerica-east1-healthCheck)"}}
[info] i  functions: Beginning execution of "southamerica-east1-healthCheck" {"metadata":{"emulator":{"name":"functions"},"function":{"name":"southamerica-east1-healthCheck"},"extension":{},"message":"Beginning execution of \"southamerica-east1-healthCheck\""}}
[debug] [2026-03-26T17:54:37.401Z] [worker-southamerica-east1-healthCheck-61a5538b-296d-473f-bf01-fc27b0852726]: BUSY {"metadata":{"emulator":{"name":"functions"},"function":{"name":"southamerica-east1-healthCheck"},"extension":{},"message":"[worker-southamerica-east1-healthCheck-61a5538b-296d-473f-bf01-fc27b0852726]: BUSY"}}
[debug] [2026-03-26T17:54:37.404Z] Finishing up request with event=pause {"metadata":{"emulator":{"name":"functions"},"function":{"name":"southamerica-east1-healthCheck"},"extension":{},"message":"Finishing up request with event=pause"}}
[info] i  functions: Finished "southamerica-east1-healthCheck" in 2.510014ms {"metadata":{"emulator":{"name":"functions"},"function":{"name":"southamerica-east1-healthCheck"},"extension":{},"message":"Finished \"southamerica-east1-healthCheck\" in 2.510014ms"}}
[debug] [2026-03-26T17:54:37.404Z] [worker-southamerica-east1-healthCheck-61a5538b-296d-473f-bf01-fc27b0852726]: IDLE {"metadata":{"emulator":{"name":"functions"},"function":{"name":"southamerica-east1-healthCheck"},"extension":{},"message":"[worker-southamerica-east1-healthCheck-61a5538b-296d-473f-bf01-fc27b0852726]: IDLE"}}
[debug] [2026-03-26T17:54:37.405Z] Finishing up request with event=finish {"metadata":{"emulator":{"name":"functions"},"function":{"name":"southamerica-east1-healthCheck"},"extension":{},"message":"Finishing up request with event=finish"}}
[debug] [2026-03-26T17:54:37.405Z] Finishing up request with event=close {"metadata":{"emulator":{"name":"functions"},"function":{"name":"southamerica-east1-healthCheck"},"extension":{},"message":"Finishing up request with event=close"}}
[debug] [2026-03-26T17:54:37.405Z] [work-queue] {"queuedWork":[],"queueLength":0,"runningWork":[],"workRunningCount":0}
[debug] [2026-03-26T17:54:37.410Z] [work-queue] {"queuedWork":["/projeto-nexus-62ebb/southamerica-east1/sendPushNotification-2026-03-26T17:54:37.410Z"],"queueLength":1,"runningWork":[],"workRunningCount":0}
[debug] [2026-03-26T17:54:37.410Z] [work-queue] {"queuedWork":[],"queueLength":0,"runningWork":["/projeto-nexus-62ebb/southamerica-east1/sendPushNotification-2026-03-26T17:54:37.410Z"],"workRunningCount":1}
[debug] [2026-03-26T17:54:37.410Z] Accepted request OPTIONS /projeto-nexus-62ebb/southamerica-east1/sendPushNotification --> southamerica-east1-sendPushNotification
[debug] [2026-03-26T17:54:37.411Z] [functions] Runtime ready! Sending request! {"metadata":{"emulator":{"name":"functions"},"message":"[functions] Runtime ready! Sending request!"}}
[debug] [2026-03-26T17:54:37.411Z] [functions] Got req.url=/projeto-nexus-62ebb/southamerica-east1/sendPushNotification, mapping to path=/ {"metadata":{"emulator":{"name":"functions"},"message":"[functions] Got req.url=/projeto-nexus-62ebb/southamerica-east1/sendPushNotification, mapping to path=/"}}
[debug] [2026-03-26T17:54:37.411Z] [worker-pool] submitRequest(triggerId=southamerica-east1-sendPushNotification) {"metadata":{"emulator":{"name":"functions"},"message":"[worker-pool] submitRequest(triggerId=southamerica-east1-sendPushNotification)"}}
[info] i  functions: Beginning execution of "southamerica-east1-sendPushNotification" {"metadata":{"emulator":{"name":"functions"},"function":{"name":"southamerica-east1-sendPushNotification"},"extension":{},"message":"Beginning execution of \"southamerica-east1-sendPushNotification\""}}
[debug] [2026-03-26T17:54:37.412Z] [worker-southamerica-east1-sendPushNotification-554b3166-3457-47cf-a107-4e0066d80f14]: BUSY {"metadata":{"emulator":{"name":"functions"},"function":{"name":"southamerica-east1-sendPushNotification"},"extension":{},"message":"[worker-southamerica-east1-sendPushNotification-554b3166-3457-47cf-a107-4e0066d80f14]: BUSY"}}
[debug] [2026-03-26T17:54:37.414Z] Finishing up request with event=pause {"metadata":{"emulator":{"name":"functions"},"function":{"name":"southamerica-east1-sendPushNotification"},"extension":{},"message":"Finishing up request with event=pause"}}
[info] i  functions: Finished "southamerica-east1-sendPushNotification" in 2.093307ms {"metadata":{"emulator":{"name":"functions"},"function":{"name":"southamerica-east1-sendPushNotification"},"extension":{},"message":"Finished \"southamerica-east1-sendPushNotification\" in 2.093307ms"}}
[debug] [2026-03-26T17:54:37.414Z] [worker-southamerica-east1-sendPushNotification-554b3166-3457-47cf-a107-4e0066d80f14]: IDLE {"metadata":{"emulator":{"name":"functions"},"function":{"name":"southamerica-east1-sendPushNotification"},"extension":{},"message":"[worker-southamerica-east1-sendPushNotification-554b3166-3457-47cf-a107-4e0066d80f14]: IDLE"}}
[debug] [2026-03-26T17:54:37.414Z] Finishing up request with event=finish {"metadata":{"emulator":{"name":"functions"},"function":{"name":"southamerica-east1-sendPushNotification"},"extension":{},"message":"Finishing up request with event=finish"}}
[debug] [2026-03-26T17:54:37.414Z] Finishing up request with event=close {"metadata":{"emulator":{"name":"functions"},"function":{"name":"southamerica-east1-sendPushNotification"},"extension":{},"message":"Finishing up request with event=close"}}
[debug] [2026-03-26T17:54:37.415Z] [work-queue] {"queuedWork":[],"queueLength":0,"runningWork":[],"workRunningCount":0}
[debug] [2026-03-26T17:54:37.415Z] [work-queue] {"queuedWork":["/projeto-nexus-62ebb/southamerica-east1/sendPushNotification-2026-03-26T17:54:37.415Z"],"queueLength":1,"runningWork":[],"workRunningCount":0}
[debug] [2026-03-26T17:54:37.415Z] [work-queue] {"queuedWork":[],"queueLength":0,"runningWork":["/projeto-nexus-62ebb/southamerica-east1/sendPushNotification-2026-03-26T17:54:37.415Z"],"workRunningCount":1}
[debug] [2026-03-26T17:54:37.415Z] Accepted request POST /projeto-nexus-62ebb/southamerica-east1/sendPushNotification --> southamerica-east1-sendPushNotification
[debug] [2026-03-26T17:54:37.417Z] [functions] Runtime ready! Sending request! {"metadata":{"emulator":{"name":"functions"},"message":"[functions] Runtime ready! Sending request!"}}
[debug] [2026-03-26T17:54:37.417Z] [functions] Got req.url=/projeto-nexus-62ebb/southamerica-east1/sendPushNotification, mapping to path=/ {"metadata":{"emulator":{"name":"functions"},"message":"[functions] Got req.url=/projeto-nexus-62ebb/southamerica-east1/sendPushNotification, mapping to path=/"}}
[debug] [2026-03-26T17:54:37.417Z] [worker-pool] submitRequest(triggerId=southamerica-east1-sendPushNotification) {"metadata":{"emulator":{"name":"functions"},"message":"[worker-pool] submitRequest(triggerId=southamerica-east1-sendPushNotification)"}}
[info] i  functions: Beginning execution of "southamerica-east1-sendPushNotification" {"metadata":{"emulator":{"name":"functions"},"function":{"name":"southamerica-east1-sendPushNotification"},"extension":{},"message":"Beginning execution of \"southamerica-east1-sendPushNotification\""}}
[debug] [2026-03-26T17:54:37.417Z] [worker-southamerica-east1-sendPushNotification-554b3166-3457-47cf-a107-4e0066d80f14]: BUSY {"metadata":{"emulator":{"name":"functions"},"function":{"name":"southamerica-east1-sendPushNotification"},"extension":{},"message":"[worker-southamerica-east1-sendPushNotification-554b3166-3457-47cf-a107-4e0066d80f14]: BUSY"}}
[debug] [2026-03-26T17:54:37.426Z] Finishing up request with event=pause {"metadata":{"emulator":{"name":"functions"},"function":{"name":"southamerica-east1-sendPushNotification"},"extension":{},"message":"Finishing up request with event=pause"}}
[info] i  functions: Finished "southamerica-east1-sendPushNotification" in 8.395439ms {"metadata":{"emulator":{"name":"functions"},"function":{"name":"southamerica-east1-sendPushNotification"},"extension":{},"message":"Finished \"southamerica-east1-sendPushNotification\" in 8.395439ms"}}
[debug] [2026-03-26T17:54:37.426Z] [worker-southamerica-east1-sendPushNotification-554b3166-3457-47cf-a107-4e0066d80f14]: IDLE {"metadata":{"emulator":{"name":"functions"},"function":{"name":"southamerica-east1-sendPushNotification"},"extension":{},"message":"[worker-southamerica-east1-sendPushNotification-554b3166-3457-47cf-a107-4e0066d80f14]: IDLE"}}
[debug] [2026-03-26T17:54:37.426Z] Finishing up request with event=finish {"metadata":{"emulator":{"name":"functions"},"function":{"name":"southamerica-east1-sendPushNotification"},"extension":{},"message":"Finishing up request with event=finish"}}
[debug] [2026-03-26T17:54:37.427Z] Finishing up request with event=close {"metadata":{"emulator":{"name":"functions"},"function":{"name":"southamerica-east1-sendPushNotification"},"extension":{},"message":"Finishing up request with event=close"}}
[debug] [2026-03-26T17:54:37.427Z] [work-queue] {"queuedWork":[],"queueLength":0,"runningWork":[],"workRunningCount":0}
[debug] [2026-03-26T17:54:37.451Z] Mar 26, 2026 2:54:37 PM io.gapi.emulators.netty.HttpVersionRoutingHandler channelRead
INFO: Detected non-HTTP/2 connection.
 {"metadata":{"emulator":{"name":"firestore"},"message":"Mar 26, 2026 2:54:37 PM io.gapi.emulators.netty.HttpVersionRoutingHandler channelRead\nINFO: Detected non-HTTP/2 connection.\n"}}
[debug] [2026-03-26T17:54:40.191Z] Mar 26, 2026 2:54:40 PM io.gapi.emulators.netty.HttpVersionRoutingHandler channelRead
INFO: Detected non-HTTP/2 connection.
 {"metadata":{"emulator":{"name":"firestore"},"message":"Mar 26, 2026 2:54:40 PM io.gapi.emulators.netty.HttpVersionRoutingHandler channelRead\nINFO: Detected non-HTTP/2 connection.\n"}}
[debug] [2026-03-26T17:54:40.209Z] Mar 26, 2026 2:54:40 PM com.google.cloud.datastore.emulator.firestore.webchannel.FirestoreV1WebChannelAdapter$FirestoreListenHandler onClose
INFO: channel closed
 {"metadata":{"emulator":{"name":"firestore"},"message":"Mar 26, 2026 2:54:40 PM com.google.cloud.datastore.emulator.firestore.webchannel.FirestoreV1WebChannelAdapter$FirestoreListenHandler onClose\nINFO: channel closed\n"}}
[debug] [2026-03-26T17:54:42.631Z] [work-queue] {"queuedWork":["/projeto-nexus-62ebb/southamerica-east1/healthCheck-2026-03-26T17:54:42.631Z"],"queueLength":1,"runningWork":[],"workRunningCount":0}
[debug] [2026-03-26T17:54:42.632Z] [work-queue] {"queuedWork":[],"queueLength":0,"runningWork":["/projeto-nexus-62ebb/southamerica-east1/healthCheck-2026-03-26T17:54:42.631Z"],"workRunningCount":1}
[debug] [2026-03-26T17:54:42.632Z] Accepted request OPTIONS /projeto-nexus-62ebb/southamerica-east1/healthCheck --> southamerica-east1-healthCheck
[debug] [2026-03-26T17:54:42.632Z] [functions] Runtime ready! Sending request! {"metadata":{"emulator":{"name":"functions"},"message":"[functions] Runtime ready! Sending request!"}}
[debug] [2026-03-26T17:54:42.632Z] [functions] Got req.url=/projeto-nexus-62ebb/southamerica-east1/healthCheck, mapping to path=/ {"metadata":{"emulator":{"name":"functions"},"message":"[functions] Got req.url=/projeto-nexus-62ebb/southamerica-east1/healthCheck, mapping to path=/"}}
[debug] [2026-03-26T17:54:42.633Z] [worker-pool] submitRequest(triggerId=southamerica-east1-healthCheck) {"metadata":{"emulator":{"name":"functions"},"message":"[worker-pool] submitRequest(triggerId=southamerica-east1-healthCheck)"}}
[info] i  functions: Beginning execution of "southamerica-east1-healthCheck" {"metadata":{"emulator":{"name":"functions"},"function":{"name":"southamerica-east1-healthCheck"},"extension":{},"message":"Beginning execution of \"southamerica-east1-healthCheck\""}}
[debug] [2026-03-26T17:54:42.633Z] [worker-southamerica-east1-healthCheck-61a5538b-296d-473f-bf01-fc27b0852726]: BUSY {"metadata":{"emulator":{"name":"functions"},"function":{"name":"southamerica-east1-healthCheck"},"extension":{},"message":"[worker-southamerica-east1-healthCheck-61a5538b-296d-473f-bf01-fc27b0852726]: BUSY"}}
[debug] [2026-03-26T17:54:42.635Z] Finishing up request with event=pause {"metadata":{"emulator":{"name":"functions"},"function":{"name":"southamerica-east1-healthCheck"},"extension":{},"message":"Finishing up request with event=pause"}}
[info] i  functions: Finished "southamerica-east1-healthCheck" in 2.787449ms {"metadata":{"emulator":{"name":"functions"},"function":{"name":"southamerica-east1-healthCheck"},"extension":{},"message":"Finished \"southamerica-east1-healthCheck\" in 2.787449ms"}}
[debug] [2026-03-26T17:54:42.636Z] [worker-southamerica-east1-healthCheck-61a5538b-296d-473f-bf01-fc27b0852726]: IDLE {"metadata":{"emulator":{"name":"functions"},"function":{"name":"southamerica-east1-healthCheck"},"extension":{},"message":"[worker-southamerica-east1-healthCheck-61a5538b-296d-473f-bf01-fc27b0852726]: IDLE"}}
[debug] [2026-03-26T17:54:42.636Z] Finishing up request with event=finish {"metadata":{"emulator":{"name":"functions"},"function":{"name":"southamerica-east1-healthCheck"},"extension":{},"message":"Finishing up request with event=finish"}}
[debug] [2026-03-26T17:54:42.636Z] Finishing up request with event=close {"metadata":{"emulator":{"name":"functions"},"function":{"name":"southamerica-east1-healthCheck"},"extension":{},"message":"Finishing up request with event=close"}}
[debug] [2026-03-26T17:54:42.636Z] [work-queue] {"queuedWork":[],"queueLength":0,"runningWork":[],"workRunningCount":0}
[debug] [2026-03-26T17:54:42.637Z] [work-queue] {"queuedWork":["/projeto-nexus-62ebb/southamerica-east1/healthCheck-2026-03-26T17:54:42.637Z"],"queueLength":1,"runningWork":[],"workRunningCount":0}
[debug] [2026-03-26T17:54:42.637Z] [work-queue] {"queuedWork":[],"queueLength":0,"runningWork":["/projeto-nexus-62ebb/southamerica-east1/healthCheck-2026-03-26T17:54:42.637Z"],"workRunningCount":1}
[debug] [2026-03-26T17:54:42.637Z] Accepted request GET /projeto-nexus-62ebb/southamerica-east1/healthCheck --> southamerica-east1-healthCheck
[debug] [2026-03-26T17:54:42.639Z] [functions] Runtime ready! Sending request! {"metadata":{"emulator":{"name":"functions"},"message":"[functions] Runtime ready! Sending request!"}}
[debug] [2026-03-26T17:54:42.639Z] [functions] Got req.url=/projeto-nexus-62ebb/southamerica-east1/healthCheck, mapping to path=/ {"metadata":{"emulator":{"name":"functions"},"message":"[functions] Got req.url=/projeto-nexus-62ebb/southamerica-east1/healthCheck, mapping to path=/"}}
[debug] [2026-03-26T17:54:42.640Z] [worker-pool] submitRequest(triggerId=southamerica-east1-healthCheck) {"metadata":{"emulator":{"name":"functions"},"message":"[worker-pool] submitRequest(triggerId=southamerica-east1-healthCheck)"}}
[info] i  functions: Beginning execution of "southamerica-east1-healthCheck" {"metadata":{"emulator":{"name":"functions"},"function":{"name":"southamerica-east1-healthCheck"},"extension":{},"message":"Beginning execution of \"southamerica-east1-healthCheck\""}}
[debug] [2026-03-26T17:54:42.640Z] [worker-southamerica-east1-healthCheck-61a5538b-296d-473f-bf01-fc27b0852726]: BUSY {"metadata":{"emulator":{"name":"functions"},"function":{"name":"southamerica-east1-healthCheck"},"extension":{},"message":"[worker-southamerica-east1-healthCheck-61a5538b-296d-473f-bf01-fc27b0852726]: BUSY"}}
[debug] [2026-03-26T17:54:42.643Z] Finishing up request with event=pause {"metadata":{"emulator":{"name":"functions"},"function":{"name":"southamerica-east1-healthCheck"},"extension":{},"message":"Finishing up request with event=pause"}}
[info] i  functions: Finished "southamerica-east1-healthCheck" in 3.505015ms {"metadata":{"emulator":{"name":"functions"},"function":{"name":"southamerica-east1-healthCheck"},"extension":{},"message":"Finished \"southamerica-east1-healthCheck\" in 3.505015ms"}}
[debug] [2026-03-26T17:54:42.644Z] [worker-southamerica-east1-healthCheck-61a5538b-296d-473f-bf01-fc27b0852726]: IDLE {"metadata":{"emulator":{"name":"functions"},"function":{"name":"southamerica-east1-healthCheck"},"extension":{},"message":"[worker-southamerica-east1-healthCheck-61a5538b-296d-473f-bf01-fc27b0852726]: IDLE"}}
[debug] [2026-03-26T17:54:42.644Z] Finishing up request with event=finish {"metadata":{"emulator":{"name":"functions"},"function":{"name":"southamerica-east1-healthCheck"},"extension":{},"message":"Finishing up request with event=finish"}}
[debug] [2026-03-26T17:54:42.644Z] Finishing up request with event=close {"metadata":{"emulator":{"name":"functions"},"function":{"name":"southamerica-east1-healthCheck"},"extension":{},"message":"Finishing up request with event=close"}}
[debug] [2026-03-26T17:54:42.644Z] [work-queue] {"queuedWork":[],"queueLength":0,"runningWork":[],"workRunningCount":0}
[debug] [2026-03-26T17:54:42.650Z] [work-queue] {"queuedWork":["/projeto-nexus-62ebb/southamerica-east1/sendPushNotification-2026-03-26T17:54:42.650Z"],"queueLength":1,"runningWork":[],"workRunningCount":0}
[debug] [2026-03-26T17:54:42.650Z] [work-queue] {"queuedWork":[],"queueLength":0,"runningWork":["/projeto-nexus-62ebb/southamerica-east1/sendPushNotification-2026-03-26T17:54:42.650Z"],"workRunningCount":1}
[debug] [2026-03-26T17:54:42.650Z] Accepted request OPTIONS /projeto-nexus-62ebb/southamerica-east1/sendPushNotification --> southamerica-east1-sendPushNotification
[debug] [2026-03-26T17:54:42.651Z] [functions] Runtime ready! Sending request! {"metadata":{"emulator":{"name":"functions"},"message":"[functions] Runtime ready! Sending request!"}}
[debug] [2026-03-26T17:54:42.652Z] [functions] Got req.url=/projeto-nexus-62ebb/southamerica-east1/sendPushNotification, mapping to path=/ {"metadata":{"emulator":{"name":"functions"},"message":"[functions] Got req.url=/projeto-nexus-62ebb/southamerica-east1/sendPushNotification, mapping to path=/"}}
[debug] [2026-03-26T17:54:42.652Z] [worker-pool] submitRequest(triggerId=southamerica-east1-sendPushNotification) {"metadata":{"emulator":{"name":"functions"},"message":"[worker-pool] submitRequest(triggerId=southamerica-east1-sendPushNotification)"}}
[info] i  functions: Beginning execution of "southamerica-east1-sendPushNotification" {"metadata":{"emulator":{"name":"functions"},"function":{"name":"southamerica-east1-sendPushNotification"},"extension":{},"message":"Beginning execution of \"southamerica-east1-sendPushNotification\""}}
[debug] [2026-03-26T17:54:42.652Z] [worker-southamerica-east1-sendPushNotification-554b3166-3457-47cf-a107-4e0066d80f14]: BUSY {"metadata":{"emulator":{"name":"functions"},"function":{"name":"southamerica-east1-sendPushNotification"},"extension":{},"message":"[worker-southamerica-east1-sendPushNotification-554b3166-3457-47cf-a107-4e0066d80f14]: BUSY"}}
[debug] [2026-03-26T17:54:42.654Z] Finishing up request with event=pause {"metadata":{"emulator":{"name":"functions"},"function":{"name":"southamerica-east1-sendPushNotification"},"extension":{},"message":"Finishing up request with event=pause"}}
[info] i  functions: Finished "southamerica-east1-sendPushNotification" in 2.02648ms {"metadata":{"emulator":{"name":"functions"},"function":{"name":"southamerica-east1-sendPushNotification"},"extension":{},"message":"Finished \"southamerica-east1-sendPushNotification\" in 2.02648ms"}}
[debug] [2026-03-26T17:54:42.654Z] [worker-southamerica-east1-sendPushNotification-554b3166-3457-47cf-a107-4e0066d80f14]: IDLE {"metadata":{"emulator":{"name":"functions"},"function":{"name":"southamerica-east1-sendPushNotification"},"extension":{},"message":"[worker-southamerica-east1-sendPushNotification-554b3166-3457-47cf-a107-4e0066d80f14]: IDLE"}}
[debug] [2026-03-26T17:54:42.654Z] Finishing up request with event=finish {"metadata":{"emulator":{"name":"functions"},"function":{"name":"southamerica-east1-sendPushNotification"},"extension":{},"message":"Finishing up request with event=finish"}}
[debug] [2026-03-26T17:54:42.654Z] Finishing up request with event=close {"metadata":{"emulator":{"name":"functions"},"function":{"name":"southamerica-east1-sendPushNotification"},"extension":{},"message":"Finishing up request with event=close"}}
[debug] [2026-03-26T17:54:42.654Z] [work-queue] {"queuedWork":[],"queueLength":0,"runningWork":[],"workRunningCount":0}
[debug] [2026-03-26T17:54:42.656Z] [work-queue] {"queuedWork":["/projeto-nexus-62ebb/southamerica-east1/sendPushNotification-2026-03-26T17:54:42.656Z"],"queueLength":1,"runningWork":[],"workRunningCount":0}
[debug] [2026-03-26T17:54:42.656Z] [work-queue] {"queuedWork":[],"queueLength":0,"runningWork":["/projeto-nexus-62ebb/southamerica-east1/sendPushNotification-2026-03-26T17:54:42.656Z"],"workRunningCount":1}
[debug] [2026-03-26T17:54:42.656Z] Accepted request POST /projeto-nexus-62ebb/southamerica-east1/sendPushNotification --> southamerica-east1-sendPushNotification
[debug] [2026-03-26T17:54:42.658Z] [functions] Runtime ready! Sending request! {"metadata":{"emulator":{"name":"functions"},"message":"[functions] Runtime ready! Sending request!"}}
[debug] [2026-03-26T17:54:42.658Z] [functions] Got req.url=/projeto-nexus-62ebb/southamerica-east1/sendPushNotification, mapping to path=/ {"metadata":{"emulator":{"name":"functions"},"message":"[functions] Got req.url=/projeto-nexus-62ebb/southamerica-east1/sendPushNotification, mapping to path=/"}}
[debug] [2026-03-26T17:54:42.658Z] [worker-pool] submitRequest(triggerId=southamerica-east1-sendPushNotification) {"metadata":{"emulator":{"name":"functions"},"message":"[worker-pool] submitRequest(triggerId=southamerica-east1-sendPushNotification)"}}
[info] i  functions: Beginning execution of "southamerica-east1-sendPushNotification" {"metadata":{"emulator":{"name":"functions"},"function":{"name":"southamerica-east1-sendPushNotification"},"extension":{},"message":"Beginning execution of \"southamerica-east1-sendPushNotification\""}}
[debug] [2026-03-26T17:54:42.659Z] [worker-southamerica-east1-sendPushNotification-554b3166-3457-47cf-a107-4e0066d80f14]: BUSY {"metadata":{"emulator":{"name":"functions"},"function":{"name":"southamerica-east1-sendPushNotification"},"extension":{},"message":"[worker-southamerica-east1-sendPushNotification-554b3166-3457-47cf-a107-4e0066d80f14]: BUSY"}}
[debug] [2026-03-26T17:54:42.671Z] Finishing up request with event=pause {"metadata":{"emulator":{"name":"functions"},"function":{"name":"southamerica-east1-sendPushNotification"},"extension":{},"message":"Finishing up request with event=pause"}}
[info] i  functions: Finished "southamerica-east1-sendPushNotification" in 12.456935ms {"metadata":{"emulator":{"name":"functions"},"function":{"name":"southamerica-east1-sendPushNotification"},"extension":{},"message":"Finished \"southamerica-east1-sendPushNotification\" in 12.456935ms"}}
[debug] [2026-03-26T17:54:42.671Z] [worker-southamerica-east1-sendPushNotification-554b3166-3457-47cf-a107-4e0066d80f14]: IDLE {"metadata":{"emulator":{"name":"functions"},"function":{"name":"southamerica-east1-sendPushNotification"},"extension":{},"message":"[worker-southamerica-east1-sendPushNotification-554b3166-3457-47cf-a107-4e0066d80f14]: IDLE"}}
[debug] [2026-03-26T17:54:42.671Z] Finishing up request with event=finish {"metadata":{"emulator":{"name":"functions"},"function":{"name":"southamerica-east1-sendPushNotification"},"extension":{},"message":"Finishing up request with event=finish"}}
[debug] [2026-03-26T17:54:42.672Z] Finishing up request with event=close {"metadata":{"emulator":{"name":"functions"},"function":{"name":"southamerica-east1-sendPushNotification"},"extension":{},"message":"Finishing up request with event=close"}}
[debug] [2026-03-26T17:54:42.672Z] [work-queue] {"queuedWork":[],"queueLength":0,"runningWork":[],"workRunningCount":0}
[debug] [2026-03-26T17:54:42.698Z] Mar 26, 2026 2:54:42 PM io.gapi.emulators.netty.HttpVersionRoutingHandler channelRead
INFO: Detected non-HTTP/2 connection.
 {"metadata":{"emulator":{"name":"firestore"},"message":"Mar 26, 2026 2:54:42 PM io.gapi.emulators.netty.HttpVersionRoutingHandler channelRead\nINFO: Detected non-HTTP/2 connection.\n"}}
[debug] [2026-03-26T17:54:53.502Z] [work-queue] {"queuedWork":["/projeto-nexus-62ebb/southamerica-east1/healthCheck-2026-03-26T17:54:53.502Z"],"queueLength":1,"runningWork":[],"workRunningCount":0}
[debug] [2026-03-26T17:54:53.502Z] [work-queue] {"queuedWork":[],"queueLength":0,"runningWork":["/projeto-nexus-62ebb/southamerica-east1/healthCheck-2026-03-26T17:54:53.502Z"],"workRunningCount":1}
[debug] [2026-03-26T17:54:53.502Z] Accepted request OPTIONS /projeto-nexus-62ebb/southamerica-east1/healthCheck --> southamerica-east1-healthCheck
[debug] [2026-03-26T17:54:53.504Z] [functions] Runtime ready! Sending request! {"metadata":{"emulator":{"name":"functions"},"message":"[functions] Runtime ready! Sending request!"}}
[debug] [2026-03-26T17:54:53.504Z] [functions] Got req.url=/projeto-nexus-62ebb/southamerica-east1/healthCheck, mapping to path=/ {"metadata":{"emulator":{"name":"functions"},"message":"[functions] Got req.url=/projeto-nexus-62ebb/southamerica-east1/healthCheck, mapping to path=/"}}
[debug] [2026-03-26T17:54:53.504Z] [worker-pool] submitRequest(triggerId=southamerica-east1-healthCheck) {"metadata":{"emulator":{"name":"functions"},"message":"[worker-pool] submitRequest(triggerId=southamerica-east1-healthCheck)"}}
[info] i  functions: Beginning execution of "southamerica-east1-healthCheck" {"metadata":{"emulator":{"name":"functions"},"function":{"name":"southamerica-east1-healthCheck"},"extension":{},"message":"Beginning execution of \"southamerica-east1-healthCheck\""}}
[debug] [2026-03-26T17:54:53.504Z] [worker-southamerica-east1-healthCheck-61a5538b-296d-473f-bf01-fc27b0852726]: BUSY {"metadata":{"emulator":{"name":"functions"},"function":{"name":"southamerica-east1-healthCheck"},"extension":{},"message":"[worker-southamerica-east1-healthCheck-61a5538b-296d-473f-bf01-fc27b0852726]: BUSY"}}
[debug] [2026-03-26T17:54:53.506Z] Finishing up request with event=pause {"metadata":{"emulator":{"name":"functions"},"function":{"name":"southamerica-east1-healthCheck"},"extension":{},"message":"Finishing up request with event=pause"}}
[info] i  functions: Finished "southamerica-east1-healthCheck" in 1.710693ms {"metadata":{"emulator":{"name":"functions"},"function":{"name":"southamerica-east1-healthCheck"},"extension":{},"message":"Finished \"southamerica-east1-healthCheck\" in 1.710693ms"}}
[debug] [2026-03-26T17:54:53.510Z] [worker-southamerica-east1-healthCheck-61a5538b-296d-473f-bf01-fc27b0852726]: IDLE {"metadata":{"emulator":{"name":"functions"},"function":{"name":"southamerica-east1-healthCheck"},"extension":{},"message":"[worker-southamerica-east1-healthCheck-61a5538b-296d-473f-bf01-fc27b0852726]: IDLE"}}
[debug] [2026-03-26T17:54:53.510Z] Finishing up request with event=finish {"metadata":{"emulator":{"name":"functions"},"function":{"name":"southamerica-east1-healthCheck"},"extension":{},"message":"Finishing up request with event=finish"}}
[debug] [2026-03-26T17:54:53.510Z] Finishing up request with event=close {"metadata":{"emulator":{"name":"functions"},"function":{"name":"southamerica-east1-healthCheck"},"extension":{},"message":"Finishing up request with event=close"}}
[debug] [2026-03-26T17:54:53.510Z] [work-queue] {"queuedWork":[],"queueLength":0,"runningWork":[],"workRunningCount":0}
[debug] [2026-03-26T17:54:53.511Z] [work-queue] {"queuedWork":["/projeto-nexus-62ebb/southamerica-east1/healthCheck-2026-03-26T17:54:53.511Z"],"queueLength":1,"runningWork":[],"workRunningCount":0}
[debug] [2026-03-26T17:54:53.511Z] [work-queue] {"queuedWork":[],"queueLength":0,"runningWork":["/projeto-nexus-62ebb/southamerica-east1/healthCheck-2026-03-26T17:54:53.511Z"],"workRunningCount":1}
[debug] [2026-03-26T17:54:53.511Z] Accepted request GET /projeto-nexus-62ebb/southamerica-east1/healthCheck --> southamerica-east1-healthCheck
[debug] [2026-03-26T17:54:53.513Z] [functions] Runtime ready! Sending request! {"metadata":{"emulator":{"name":"functions"},"message":"[functions] Runtime ready! Sending request!"}}
[debug] [2026-03-26T17:54:53.513Z] [functions] Got req.url=/projeto-nexus-62ebb/southamerica-east1/healthCheck, mapping to path=/ {"metadata":{"emulator":{"name":"functions"},"message":"[functions] Got req.url=/projeto-nexus-62ebb/southamerica-east1/healthCheck, mapping to path=/"}}
[debug] [2026-03-26T17:54:53.513Z] [worker-pool] submitRequest(triggerId=southamerica-east1-healthCheck) {"metadata":{"emulator":{"name":"functions"},"message":"[worker-pool] submitRequest(triggerId=southamerica-east1-healthCheck)"}}
[info] i  functions: Beginning execution of "southamerica-east1-healthCheck" {"metadata":{"emulator":{"name":"functions"},"function":{"name":"southamerica-east1-healthCheck"},"extension":{},"message":"Beginning execution of \"southamerica-east1-healthCheck\""}}
[debug] [2026-03-26T17:54:53.513Z] [worker-southamerica-east1-healthCheck-61a5538b-296d-473f-bf01-fc27b0852726]: BUSY {"metadata":{"emulator":{"name":"functions"},"function":{"name":"southamerica-east1-healthCheck"},"extension":{},"message":"[worker-southamerica-east1-healthCheck-61a5538b-296d-473f-bf01-fc27b0852726]: BUSY"}}
[debug] [2026-03-26T17:54:53.516Z] Finishing up request with event=pause {"metadata":{"emulator":{"name":"functions"},"function":{"name":"southamerica-east1-healthCheck"},"extension":{},"message":"Finishing up request with event=pause"}}
[info] i  functions: Finished "southamerica-east1-healthCheck" in 2.574235ms {"metadata":{"emulator":{"name":"functions"},"function":{"name":"southamerica-east1-healthCheck"},"extension":{},"message":"Finished \"southamerica-east1-healthCheck\" in 2.574235ms"}}
[debug] [2026-03-26T17:54:53.516Z] [worker-southamerica-east1-healthCheck-61a5538b-296d-473f-bf01-fc27b0852726]: IDLE {"metadata":{"emulator":{"name":"functions"},"function":{"name":"southamerica-east1-healthCheck"},"extension":{},"message":"[worker-southamerica-east1-healthCheck-61a5538b-296d-473f-bf01-fc27b0852726]: IDLE"}}
[debug] [2026-03-26T17:54:53.516Z] Finishing up request with event=finish {"metadata":{"emulator":{"name":"functions"},"function":{"name":"southamerica-east1-healthCheck"},"extension":{},"message":"Finishing up request with event=finish"}}
[debug] [2026-03-26T17:54:53.516Z] Finishing up request with event=close {"metadata":{"emulator":{"name":"functions"},"function":{"name":"southamerica-east1-healthCheck"},"extension":{},"message":"Finishing up request with event=close"}}
[debug] [2026-03-26T17:54:53.516Z] [work-queue] {"queuedWork":[],"queueLength":0,"runningWork":[],"workRunningCount":0}
[debug] [2026-03-26T17:54:53.525Z] [work-queue] {"queuedWork":["/projeto-nexus-62ebb/southamerica-east1/sendPushNotification-2026-03-26T17:54:53.524Z"],"queueLength":1,"runningWork":[],"workRunningCount":0}
[debug] [2026-03-26T17:54:53.525Z] [work-queue] {"queuedWork":[],"queueLength":0,"runningWork":["/projeto-nexus-62ebb/southamerica-east1/sendPushNotification-2026-03-26T17:54:53.524Z"],"workRunningCount":1}
[debug] [2026-03-26T17:54:53.525Z] Accepted request OPTIONS /projeto-nexus-62ebb/southamerica-east1/sendPushNotification --> southamerica-east1-sendPushNotification
[debug] [2026-03-26T17:54:53.527Z] [functions] Runtime ready! Sending request! {"metadata":{"emulator":{"name":"functions"},"message":"[functions] Runtime ready! Sending request!"}}
[debug] [2026-03-26T17:54:53.527Z] [functions] Got req.url=/projeto-nexus-62ebb/southamerica-east1/sendPushNotification, mapping to path=/ {"metadata":{"emulator":{"name":"functions"},"message":"[functions] Got req.url=/projeto-nexus-62ebb/southamerica-east1/sendPushNotification, mapping to path=/"}}
[debug] [2026-03-26T17:54:53.527Z] [worker-pool] submitRequest(triggerId=southamerica-east1-sendPushNotification) {"metadata":{"emulator":{"name":"functions"},"message":"[worker-pool] submitRequest(triggerId=southamerica-east1-sendPushNotification)"}}
[info] i  functions: Beginning execution of "southamerica-east1-sendPushNotification" {"metadata":{"emulator":{"name":"functions"},"function":{"name":"southamerica-east1-sendPushNotification"},"extension":{},"message":"Beginning execution of \"southamerica-east1-sendPushNotification\""}}
[debug] [2026-03-26T17:54:53.527Z] [worker-southamerica-east1-sendPushNotification-554b3166-3457-47cf-a107-4e0066d80f14]: BUSY {"metadata":{"emulator":{"name":"functions"},"function":{"name":"southamerica-east1-sendPushNotification"},"extension":{},"message":"[worker-southamerica-east1-sendPushNotification-554b3166-3457-47cf-a107-4e0066d80f14]: BUSY"}}
[debug] [2026-03-26T17:54:53.530Z] Finishing up request with event=pause {"metadata":{"emulator":{"name":"functions"},"function":{"name":"southamerica-east1-sendPushNotification"},"extension":{},"message":"Finishing up request with event=pause"}}
[info] i  functions: Finished "southamerica-east1-sendPushNotification" in 2.696156ms {"metadata":{"emulator":{"name":"functions"},"function":{"name":"southamerica-east1-sendPushNotification"},"extension":{},"message":"Finished \"southamerica-east1-sendPushNotification\" in 2.696156ms"}}
[debug] [2026-03-26T17:54:53.531Z] [worker-southamerica-east1-sendPushNotification-554b3166-3457-47cf-a107-4e0066d80f14]: IDLE {"metadata":{"emulator":{"name":"functions"},"function":{"name":"southamerica-east1-sendPushNotification"},"extension":{},"message":"[worker-southamerica-east1-sendPushNotification-554b3166-3457-47cf-a107-4e0066d80f14]: IDLE"}}
[debug] [2026-03-26T17:54:53.531Z] Finishing up request with event=finish {"metadata":{"emulator":{"name":"functions"},"function":{"name":"southamerica-east1-sendPushNotification"},"extension":{},"message":"Finishing up request with event=finish"}}
[debug] [2026-03-26T17:54:53.531Z] Finishing up request with event=close {"metadata":{"emulator":{"name":"functions"},"function":{"name":"southamerica-east1-sendPushNotification"},"extension":{},"message":"Finishing up request with event=close"}}
[debug] [2026-03-26T17:54:53.531Z] [work-queue] {"queuedWork":[],"queueLength":0,"runningWork":[],"workRunningCount":0}
[debug] [2026-03-26T17:54:53.532Z] [work-queue] {"queuedWork":["/projeto-nexus-62ebb/southamerica-east1/sendPushNotification-2026-03-26T17:54:53.532Z"],"queueLength":1,"runningWork":[],"workRunningCount":0}
[debug] [2026-03-26T17:54:53.532Z] [work-queue] {"queuedWork":[],"queueLength":0,"runningWork":["/projeto-nexus-62ebb/southamerica-east1/sendPushNotification-2026-03-26T17:54:53.532Z"],"workRunningCount":1}
[debug] [2026-03-26T17:54:53.532Z] Accepted request POST /projeto-nexus-62ebb/southamerica-east1/sendPushNotification --> southamerica-east1-sendPushNotification
[debug] [2026-03-26T17:54:53.534Z] [functions] Runtime ready! Sending request! {"metadata":{"emulator":{"name":"functions"},"message":"[functions] Runtime ready! Sending request!"}}
[debug] [2026-03-26T17:54:53.534Z] [functions] Got req.url=/projeto-nexus-62ebb/southamerica-east1/sendPushNotification, mapping to path=/ {"metadata":{"emulator":{"name":"functions"},"message":"[functions] Got req.url=/projeto-nexus-62ebb/southamerica-east1/sendPushNotification, mapping to path=/"}}
[debug] [2026-03-26T17:54:53.534Z] [worker-pool] submitRequest(triggerId=southamerica-east1-sendPushNotification) {"metadata":{"emulator":{"name":"functions"},"message":"[worker-pool] submitRequest(triggerId=southamerica-east1-sendPushNotification)"}}
[info] i  functions: Beginning execution of "southamerica-east1-sendPushNotification" {"metadata":{"emulator":{"name":"functions"},"function":{"name":"southamerica-east1-sendPushNotification"},"extension":{},"message":"Beginning execution of \"southamerica-east1-sendPushNotification\""}}
[debug] [2026-03-26T17:54:53.534Z] [worker-southamerica-east1-sendPushNotification-554b3166-3457-47cf-a107-4e0066d80f14]: BUSY {"metadata":{"emulator":{"name":"functions"},"function":{"name":"southamerica-east1-sendPushNotification"},"extension":{},"message":"[worker-southamerica-east1-sendPushNotification-554b3166-3457-47cf-a107-4e0066d80f14]: BUSY"}}
[debug] [2026-03-26T17:54:53.545Z] Finishing up request with event=pause {"metadata":{"emulator":{"name":"functions"},"function":{"name":"southamerica-east1-sendPushNotification"},"extension":{},"message":"Finishing up request with event=pause"}}
[info] i  functions: Finished "southamerica-east1-sendPushNotification" in 11.134796ms {"metadata":{"emulator":{"name":"functions"},"function":{"name":"southamerica-east1-sendPushNotification"},"extension":{},"message":"Finished \"southamerica-east1-sendPushNotification\" in 11.134796ms"}}
[debug] [2026-03-26T17:54:53.546Z] [worker-southamerica-east1-sendPushNotification-554b3166-3457-47cf-a107-4e0066d80f14]: IDLE {"metadata":{"emulator":{"name":"functions"},"function":{"name":"southamerica-east1-sendPushNotification"},"extension":{},"message":"[worker-southamerica-east1-sendPushNotification-554b3166-3457-47cf-a107-4e0066d80f14]: IDLE"}}
[debug] [2026-03-26T17:54:53.546Z] Finishing up request with event=finish {"metadata":{"emulator":{"name":"functions"},"function":{"name":"southamerica-east1-sendPushNotification"},"extension":{},"message":"Finishing up request with event=finish"}}
[debug] [2026-03-26T17:54:53.546Z] Finishing up request with event=close {"metadata":{"emulator":{"name":"functions"},"function":{"name":"southamerica-east1-sendPushNotification"},"extension":{},"message":"Finishing up request with event=close"}}
[debug] [2026-03-26T17:54:53.547Z] [work-queue] {"queuedWork":[],"queueLength":0,"runningWork":[],"workRunningCount":0}
[debug] [2026-03-26T17:54:53.578Z] Mar 26, 2026 2:54:53 PM io.gapi.emulators.netty.HttpVersionRoutingHandler channelRead
INFO: Detected non-HTTP/2 connection.
 {"metadata":{"emulator":{"name":"firestore"},"message":"Mar 26, 2026 2:54:53 PM io.gapi.emulators.netty.HttpVersionRoutingHandler channelRead\nINFO: Detected non-HTTP/2 connection.\n"}}
[debug] [2026-03-26T17:55:40.228Z] Mar 26, 2026 2:55:40 PM io.gapi.emulators.netty.HttpVersionRoutingHandler channelRead
INFO: Detected non-HTTP/2 connection.
 {"metadata":{"emulator":{"name":"firestore"},"message":"Mar 26, 2026 2:55:40 PM io.gapi.emulators.netty.HttpVersionRoutingHandler channelRead\nINFO: Detected non-HTTP/2 connection.\n"}}
[debug] [2026-03-26T17:55:54.382Z] Mar 26, 2026 2:55:54 PM io.gapi.emulators.netty.HttpVersionRoutingHandler channelRead
INFO: Detected non-HTTP/2 connection.
 {"metadata":{"emulator":{"name":"firestore"},"message":"Mar 26, 2026 2:55:54 PM io.gapi.emulators.netty.HttpVersionRoutingHandler channelRead\nINFO: Detected non-HTTP/2 connection.\n"}}
[debug] [2026-03-26T17:55:54.384Z] Mar 26, 2026 2:55:54 PM com.google.cloud.datastore.emulator.firestore.webchannel.FirestoreV1WebChannelAdapter$FirestoreWriteHandler onClose
INFO: channel closed
 {"metadata":{"emulator":{"name":"firestore"},"message":"Mar 26, 2026 2:55:54 PM com.google.cloud.datastore.emulator.firestore.webchannel.FirestoreV1WebChannelAdapter$FirestoreWriteHandler onClose\nINFO: channel closed\n"}}
[debug] [2026-03-26T17:58:25.062Z] Mar 26, 2026 2:58:25 PM io.gapi.emulators.netty.HttpVersionRoutingHandler channelRead
INFO: Detected non-HTTP/2 connection.
 {"metadata":{"emulator":{"name":"firestore"},"message":"Mar 26, 2026 2:58:25 PM io.gapi.emulators.netty.HttpVersionRoutingHandler channelRead\nINFO: Detected non-HTTP/2 connection.\n"}}
[debug] [2026-03-26T17:58:25.084Z] Mar 26, 2026 2:58:25 PM io.gapi.emulators.netty.HttpVersionRoutingHandler channelRead
INFO: Detected non-HTTP/2 connection.
 {"metadata":{"emulator":{"name":"firestore"},"message":"Mar 26, 2026 2:58:25 PM io.gapi.emulators.netty.HttpVersionRoutingHandler channelRead\nINFO: Detected non-HTTP/2 connection.\n"}}
[debug] [2026-03-26T17:58:26.097Z] Mar 26, 2026 2:58:26 PM io.gapi.emulators.netty.HttpVersionRoutingHandler channelRead
INFO: Detected non-HTTP/2 connection.
 {"metadata":{"emulator":{"name":"firestore"},"message":"Mar 26, 2026 2:58:26 PM io.gapi.emulators.netty.HttpVersionRoutingHandler channelRead\nINFO: Detected non-HTTP/2 connection.\n"}}
[debug] [2026-03-26T17:58:26.106Z] Mar 26, 2026 2:58:26 PM io.gapi.emulators.netty.HttpVersionRoutingHandler channelRead
INFO: Detected non-HTTP/2 connection.
 {"metadata":{"emulator":{"name":"firestore"},"message":"Mar 26, 2026 2:58:26 PM io.gapi.emulators.netty.HttpVersionRoutingHandler channelRead\nINFO: Detected non-HTTP/2 connection.\n"}}
[debug] [2026-03-26T17:58:27.126Z] Mar 26, 2026 2:58:27 PM io.gapi.emulators.netty.HttpVersionRoutingHandler channelRead
INFO: Detected non-HTTP/2 connection.
 {"metadata":{"emulator":{"name":"firestore"},"message":"Mar 26, 2026 2:58:27 PM io.gapi.emulators.netty.HttpVersionRoutingHandler channelRead\nINFO: Detected non-HTTP/2 connection.\n"}}
[debug] [2026-03-26T17:58:27.135Z] Mar 26, 2026 2:58:27 PM io.gapi.emulators.netty.HttpVersionRoutingHandler channelRead
INFO: Detected non-HTTP/2 connection.
 {"metadata":{"emulator":{"name":"firestore"},"message":"Mar 26, 2026 2:58:27 PM io.gapi.emulators.netty.HttpVersionRoutingHandler channelRead\nINFO: Detected non-HTTP/2 connection.\n"}}
[debug] [2026-03-26T17:58:28.161Z] Mar 26, 2026 2:58:28 PM io.gapi.emulators.netty.HttpVersionRoutingHandler channelRead
INFO: Detected non-HTTP/2 connection.
 {"metadata":{"emulator":{"name":"firestore"},"message":"Mar 26, 2026 2:58:28 PM io.gapi.emulators.netty.HttpVersionRoutingHandler channelRead\nINFO: Detected non-HTTP/2 connection.\n"}}
[debug] [2026-03-26T17:58:39.039Z] Mar 26, 2026 2:58:39 PM com.google.cloud.datastore.emulator.firestore.websocket.WebSocketChannelHandler initChannel
INFO: Connected to new websocket client
 {"metadata":{"emulator":{"name":"firestore"},"message":"Mar 26, 2026 2:58:39 PM com.google.cloud.datastore.emulator.firestore.websocket.WebSocketChannelHandler initChannel\nINFO: Connected to new websocket client\n"}}
[debug] [2026-03-26T17:59:01.998Z] Mar 26, 2026 2:59:01 PM io.gapi.emulators.netty.HttpVersionRoutingHandler channelRead
INFO: Detected non-HTTP/2 connection.
 {"metadata":{"emulator":{"name":"firestore"},"message":"Mar 26, 2026 2:59:01 PM io.gapi.emulators.netty.HttpVersionRoutingHandler channelRead\nINFO: Detected non-HTTP/2 connection.\n"}}
[debug] [2026-03-26T17:59:02.241Z] Mar 26, 2026 2:59:02 PM io.gapi.emulators.netty.HttpVersionRoutingHandler channelRead
INFO: Detected HTTP/2 connection.
 {"metadata":{"emulator":{"name":"firestore"},"message":"Mar 26, 2026 2:59:02 PM io.gapi.emulators.netty.HttpVersionRoutingHandler channelRead\nINFO: Detected HTTP/2 connection.\n"}}
[debug] [2026-03-26T17:59:02.347Z] Mar 26, 2026 2:59:02 PM io.gapi.emulators.netty.HttpVersionRoutingHandler channelRead
INFO: Detected non-HTTP/2 connection.
 {"metadata":{"emulator":{"name":"firestore"},"message":"Mar 26, 2026 2:59:02 PM io.gapi.emulators.netty.HttpVersionRoutingHandler channelRead\nINFO: Detected non-HTTP/2 connection.\n"}}
[debug] [2026-03-26T17:59:02.362Z] Mar 26, 2026 2:59:02 PM io.gapi.emulators.netty.HttpVersionRoutingHandler channelRead
INFO: Detected non-HTTP/2 connection.
 {"metadata":{"emulator":{"name":"firestore"},"message":"Mar 26, 2026 2:59:02 PM io.gapi.emulators.netty.HttpVersionRoutingHandler channelRead\nINFO: Detected non-HTTP/2 connection.\n"}}
[debug] [2026-03-26T17:59:02.463Z] Mar 26, 2026 2:59:02 PM io.gapi.emulators.netty.HttpVersionRoutingHandler channelRead
INFO: Detected non-HTTP/2 connection.
 {"metadata":{"emulator":{"name":"firestore"},"message":"Mar 26, 2026 2:59:02 PM io.gapi.emulators.netty.HttpVersionRoutingHandler channelRead\nINFO: Detected non-HTTP/2 connection.\n"}}
[debug] [2026-03-26T17:59:04.655Z] Mar 26, 2026 2:59:04 PM io.gapi.emulators.netty.HttpVersionRoutingHandler channelRead
INFO: Detected non-HTTP/2 connection.
 {"metadata":{"emulator":{"name":"firestore"},"message":"Mar 26, 2026 2:59:04 PM io.gapi.emulators.netty.HttpVersionRoutingHandler channelRead\nINFO: Detected non-HTTP/2 connection.\n"}}
[debug] [2026-03-26T17:59:04.713Z] Mar 26, 2026 2:59:04 PM io.gapi.emulators.netty.HttpVersionRoutingHandler channelRead
INFO: Detected non-HTTP/2 connection.
 {"metadata":{"emulator":{"name":"firestore"},"message":"Mar 26, 2026 2:59:04 PM io.gapi.emulators.netty.HttpVersionRoutingHandler channelRead\nINFO: Detected non-HTTP/2 connection.\n"}}
[debug] [2026-03-26T17:59:06.538Z] Mar 26, 2026 2:59:06 PM io.gapi.emulators.netty.HttpVersionRoutingHandler channelRead
INFO: Detected non-HTTP/2 connection.
 {"metadata":{"emulator":{"name":"firestore"},"message":"Mar 26, 2026 2:59:06 PM io.gapi.emulators.netty.HttpVersionRoutingHandler channelRead\nINFO: Detected non-HTTP/2 connection.\n"}}
[debug] [2026-03-26T17:59:14.518Z] Mar 26, 2026 2:59:14 PM io.gapi.emulators.netty.HttpVersionRoutingHandler channelRead
INFO: Detected non-HTTP/2 connection.
 {"metadata":{"emulator":{"name":"firestore"},"message":"Mar 26, 2026 2:59:14 PM io.gapi.emulators.netty.HttpVersionRoutingHandler channelRead\nINFO: Detected non-HTTP/2 connection.\n"}}
[debug] [2026-03-26T17:59:15.565Z] Mar 26, 2026 2:59:15 PM io.gapi.emulators.netty.HttpVersionRoutingHandler channelRead
INFO: Detected non-HTTP/2 connection.
 {"metadata":{"emulator":{"name":"firestore"},"message":"Mar 26, 2026 2:59:15 PM io.gapi.emulators.netty.HttpVersionRoutingHandler channelRead\nINFO: Detected non-HTTP/2 connection.\n"}}
[debug] [2026-03-26T17:59:15.565Z] Mar 26, 2026 2:59:15 PM io.gapi.emulators.netty.HttpVersionRoutingHandler channelRead
INFO: Detected non-HTTP/2 connection.
 {"metadata":{"emulator":{"name":"firestore"},"message":"Mar 26, 2026 2:59:15 PM io.gapi.emulators.netty.HttpVersionRoutingHandler channelRead\nINFO: Detected non-HTTP/2 connection.\n"}}
[debug] [2026-03-26T17:59:28.539Z] Mar 26, 2026 2:59:28 PM io.gapi.emulators.netty.HttpVersionRoutingHandler channelRead
INFO: Detected non-HTTP/2 connection.
 {"metadata":{"emulator":{"name":"firestore"},"message":"Mar 26, 2026 2:59:28 PM io.gapi.emulators.netty.HttpVersionRoutingHandler channelRead\nINFO: Detected non-HTTP/2 connection.\n"}}
[debug] [2026-03-26T17:59:28.541Z] Mar 26, 2026 2:59:28 PM com.google.cloud.datastore.emulator.firestore.webchannel.FirestoreV1WebChannelAdapter$FirestoreListenHandler onClose
INFO: channel closed
 {"metadata":{"emulator":{"name":"firestore"},"message":"Mar 26, 2026 2:59:28 PM com.google.cloud.datastore.emulator.firestore.webchannel.FirestoreV1WebChannelAdapter$FirestoreListenHandler onClose\nINFO: channel closed\n"}}
[debug] [2026-03-26T17:59:52.895Z] Mar 26, 2026 2:59:52 PM io.gapi.emulators.netty.HttpVersionRoutingHandler channelRead
INFO: Detected non-HTTP/2 connection.
 {"metadata":{"emulator":{"name":"firestore"},"message":"Mar 26, 2026 2:59:52 PM io.gapi.emulators.netty.HttpVersionRoutingHandler channelRead\nINFO: Detected non-HTTP/2 connection.\n"}}
[debug] [2026-03-26T18:00:37.907Z] Mar 26, 2026 3:00:37 PM io.gapi.emulators.netty.HttpVersionRoutingHandler channelRead
INFO: Detected non-HTTP/2 connection.
 {"metadata":{"emulator":{"name":"firestore"},"message":"Mar 26, 2026 3:00:37 PM io.gapi.emulators.netty.HttpVersionRoutingHandler channelRead\nINFO: Detected non-HTTP/2 connection.\n"}}
[debug] [2026-03-26T18:00:39.311Z] Mar 26, 2026 3:00:39 PM io.gapi.emulators.netty.HttpVersionRoutingHandler channelRead
INFO: Detected non-HTTP/2 connection.
 {"metadata":{"emulator":{"name":"firestore"},"message":"Mar 26, 2026 3:00:39 PM io.gapi.emulators.netty.HttpVersionRoutingHandler channelRead\nINFO: Detected non-HTTP/2 connection.\n"}}
[debug] [2026-03-26T18:00:41.663Z] Mar 26, 2026 3:00:41 PM io.gapi.emulators.netty.HttpVersionRoutingHandler channelRead
INFO: Detected non-HTTP/2 connection.
 {"metadata":{"emulator":{"name":"firestore"},"message":"Mar 26, 2026 3:00:41 PM io.gapi.emulators.netty.HttpVersionRoutingHandler channelRead\nINFO: Detected non-HTTP/2 connection.\n"}}
[debug] [2026-03-26T18:00:47.459Z] Mar 26, 2026 3:00:47 PM io.gapi.emulators.netty.HttpVersionRoutingHandler channelRead
INFO: Detected non-HTTP/2 connection.
 {"metadata":{"emulator":{"name":"firestore"},"message":"Mar 26, 2026 3:00:47 PM io.gapi.emulators.netty.HttpVersionRoutingHandler channelRead\nINFO: Detected non-HTTP/2 connection.\n"}}
[debug] [2026-03-26T18:00:47.465Z] Mar 26, 2026 3:00:47 PM com.google.cloud.datastore.emulator.firestore.webchannel.FirestoreV1WebChannelAdapter$FirestoreListenHandler onClose
INFO: channel closed
 {"metadata":{"emulator":{"name":"firestore"},"message":"Mar 26, 2026 3:00:47 PM com.google.cloud.datastore.emulator.firestore.webchannel.FirestoreV1WebChannelAdapter$FirestoreListenHandler onClose\nINFO: channel closed\n"}}
[debug] [2026-03-26T18:00:48.493Z] Mar 26, 2026 3:00:48 PM io.gapi.emulators.netty.HttpVersionRoutingHandler channelRead
INFO: Detected non-HTTP/2 connection.
 {"metadata":{"emulator":{"name":"firestore"},"message":"Mar 26, 2026 3:00:48 PM io.gapi.emulators.netty.HttpVersionRoutingHandler channelRead\nINFO: Detected non-HTTP/2 connection.\n"}}
[debug] [2026-03-26T18:00:48.508Z] Mar 26, 2026 3:00:48 PM io.gapi.emulators.netty.HttpVersionRoutingHandler channelRead
INFO: Detected non-HTTP/2 connection.
 {"metadata":{"emulator":{"name":"firestore"},"message":"Mar 26, 2026 3:00:48 PM io.gapi.emulators.netty.HttpVersionRoutingHandler channelRead\nINFO: Detected non-HTTP/2 connection.\n"}}
[debug] [2026-03-26T18:00:48.554Z] Mar 26, 2026 3:00:48 PM io.gapi.emulators.netty.HttpVersionRoutingHandler channelRead
INFO: Detected non-HTTP/2 connection.
 {"metadata":{"emulator":{"name":"firestore"},"message":"Mar 26, 2026 3:00:48 PM io.gapi.emulators.netty.HttpVersionRoutingHandler channelRead\nINFO: Detected non-HTTP/2 connection.\n"}}
[debug] [2026-03-26T18:00:51.293Z] Mar 26, 2026 3:00:51 PM io.gapi.emulators.netty.HttpVersionRoutingHandler channelRead
INFO: Detected non-HTTP/2 connection.
 {"metadata":{"emulator":{"name":"firestore"},"message":"Mar 26, 2026 3:00:51 PM io.gapi.emulators.netty.HttpVersionRoutingHandler channelRead\nINFO: Detected non-HTTP/2 connection.\n"}}
[debug] [2026-03-26T18:00:51.297Z] Mar 26, 2026 3:00:51 PM com.google.cloud.datastore.emulator.firestore.webchannel.FirestoreV1WebChannelAdapter$FirestoreListenHandler onClose
INFO: channel closed
 {"metadata":{"emulator":{"name":"firestore"},"message":"Mar 26, 2026 3:00:51 PM com.google.cloud.datastore.emulator.firestore.webchannel.FirestoreV1WebChannelAdapter$FirestoreListenHandler onClose\nINFO: channel closed\n"}}
[debug] [2026-03-26T18:00:54.735Z] Mar 26, 2026 3:00:54 PM io.gapi.emulators.netty.HttpVersionRoutingHandler channelRead
INFO: Detected non-HTTP/2 connection.
 {"metadata":{"emulator":{"name":"firestore"},"message":"Mar 26, 2026 3:00:54 PM io.gapi.emulators.netty.HttpVersionRoutingHandler channelRead\nINFO: Detected non-HTTP/2 connection.\n"}}
[debug] [2026-03-26T18:00:54.773Z] Mar 26, 2026 3:00:54 PM io.gapi.emulators.netty.HttpVersionRoutingHandler channelRead
INFO: Detected non-HTTP/2 connection.
 {"metadata":{"emulator":{"name":"firestore"},"message":"Mar 26, 2026 3:00:54 PM io.gapi.emulators.netty.HttpVersionRoutingHandler channelRead\nINFO: Detected non-HTTP/2 connection.\n"}}
[debug] [2026-03-26T18:00:54.800Z] Mar 26, 2026 3:00:54 PM io.gapi.emulators.netty.HttpVersionRoutingHandler channelRead
INFO: Detected non-HTTP/2 connection.
 {"metadata":{"emulator":{"name":"firestore"},"message":"Mar 26, 2026 3:00:54 PM io.gapi.emulators.netty.HttpVersionRoutingHandler channelRead\nINFO: Detected non-HTTP/2 connection.\n"}}
[debug] [2026-03-26T18:00:57.699Z] Mar 26, 2026 3:00:57 PM io.gapi.emulators.netty.HttpVersionRoutingHandler channelRead
INFO: Detected non-HTTP/2 connection.
 {"metadata":{"emulator":{"name":"firestore"},"message":"Mar 26, 2026 3:00:57 PM io.gapi.emulators.netty.HttpVersionRoutingHandler channelRead\nINFO: Detected non-HTTP/2 connection.\n"}}
[debug] [2026-03-26T18:00:57.749Z] Mar 26, 2026 3:00:57 PM io.gapi.emulators.netty.HttpVersionRoutingHandler channelRead
INFO: Detected non-HTTP/2 connection.
 {"metadata":{"emulator":{"name":"firestore"},"message":"Mar 26, 2026 3:00:57 PM io.gapi.emulators.netty.HttpVersionRoutingHandler channelRead\nINFO: Detected non-HTTP/2 connection.\n"}}
[debug] [2026-03-26T18:00:58.545Z] Mar 26, 2026 3:00:58 PM io.gapi.emulators.netty.HttpVersionRoutingHandler channelRead
INFO: Detected non-HTTP/2 connection.
 {"metadata":{"emulator":{"name":"firestore"},"message":"Mar 26, 2026 3:00:58 PM io.gapi.emulators.netty.HttpVersionRoutingHandler channelRead\nINFO: Detected non-HTTP/2 connection.\n"}}
[debug] [2026-03-26T18:01:43.594Z] Mar 26, 2026 3:01:43 PM io.gapi.emulators.netty.HttpVersionRoutingHandler channelRead
INFO: Detected non-HTTP/2 connection.
 {"metadata":{"emulator":{"name":"firestore"},"message":"Mar 26, 2026 3:01:43 PM io.gapi.emulators.netty.HttpVersionRoutingHandler channelRead\nINFO: Detected non-HTTP/2 connection.\n"}}
[debug] [2026-03-26T18:02:30.416Z] Mar 26, 2026 3:02:30 PM io.gapi.emulators.netty.HttpVersionRoutingHandler channelRead
INFO: Detected non-HTTP/2 connection.
 {"metadata":{"emulator":{"name":"firestore"},"message":"Mar 26, 2026 3:02:30 PM io.gapi.emulators.netty.HttpVersionRoutingHandler channelRead\nINFO: Detected non-HTTP/2 connection.\n"}}
[debug] [2026-03-26T18:03:16.824Z] Mar 26, 2026 3:03:16 PM io.gapi.emulators.netty.HttpVersionRoutingHandler channelRead
INFO: Detected non-HTTP/2 connection.
 {"metadata":{"emulator":{"name":"firestore"},"message":"Mar 26, 2026 3:03:16 PM io.gapi.emulators.netty.HttpVersionRoutingHandler channelRead\nINFO: Detected non-HTTP/2 connection.\n"}}
[debug] [2026-03-26T18:03:25.648Z] Mar 26, 2026 3:03:25 PM io.gapi.emulators.netty.HttpVersionRoutingHandler channelRead
INFO: Detected non-HTTP/2 connection.
 {"metadata":{"emulator":{"name":"firestore"},"message":"Mar 26, 2026 3:03:25 PM io.gapi.emulators.netty.HttpVersionRoutingHandler channelRead\nINFO: Detected non-HTTP/2 connection.\n"}}
[debug] [2026-03-26T18:03:25.673Z] Mar 26, 2026 3:03:25 PM io.gapi.emulators.netty.HttpVersionRoutingHandler channelRead
INFO: Detected non-HTTP/2 connection.
 {"metadata":{"emulator":{"name":"firestore"},"message":"Mar 26, 2026 3:03:25 PM io.gapi.emulators.netty.HttpVersionRoutingHandler channelRead\nINFO: Detected non-HTTP/2 connection.\n"}}
[debug] [2026-03-26T18:03:26.697Z] Mar 26, 2026 3:03:26 PM io.gapi.emulators.netty.HttpVersionRoutingHandler channelRead
INFO: Detected non-HTTP/2 connection.
 {"metadata":{"emulator":{"name":"firestore"},"message":"Mar 26, 2026 3:03:26 PM io.gapi.emulators.netty.HttpVersionRoutingHandler channelRead\nINFO: Detected non-HTTP/2 connection.\n"}}
[debug] [2026-03-26T18:03:26.703Z] Mar 26, 2026 3:03:26 PM io.gapi.emulators.netty.HttpVersionRoutingHandler channelRead
INFO: Detected non-HTTP/2 connection.
 {"metadata":{"emulator":{"name":"firestore"},"message":"Mar 26, 2026 3:03:26 PM io.gapi.emulators.netty.HttpVersionRoutingHandler channelRead\nINFO: Detected non-HTTP/2 connection.\n"}}
[debug] [2026-03-26T18:03:27.752Z] Mar 26, 2026 3:03:27 PM io.gapi.emulators.netty.HttpVersionRoutingHandler channelRead
INFO: Detected non-HTTP/2 connection.
 {"metadata":{"emulator":{"name":"firestore"},"message":"Mar 26, 2026 3:03:27 PM io.gapi.emulators.netty.HttpVersionRoutingHandler channelRead\nINFO: Detected non-HTTP/2 connection.\n"}}
[debug] [2026-03-26T18:03:27.760Z] Mar 26, 2026 3:03:27 PM io.gapi.emulators.netty.HttpVersionRoutingHandler channelRead
INFO: Detected non-HTTP/2 connection.
 {"metadata":{"emulator":{"name":"firestore"},"message":"Mar 26, 2026 3:03:27 PM io.gapi.emulators.netty.HttpVersionRoutingHandler channelRead\nINFO: Detected non-HTTP/2 connection.\n"}}
[debug] [2026-03-26T18:03:28.777Z] Mar 26, 2026 3:03:28 PM io.gapi.emulators.netty.HttpVersionRoutingHandler channelRead
INFO: Detected non-HTTP/2 connection.
 {"metadata":{"emulator":{"name":"firestore"},"message":"Mar 26, 2026 3:03:28 PM io.gapi.emulators.netty.HttpVersionRoutingHandler channelRead\nINFO: Detected non-HTTP/2 connection.\n"}}
[debug] [2026-03-26T18:04:02.903Z] Mar 26, 2026 3:04:02 PM io.gapi.emulators.netty.HttpVersionRoutingHandler channelRead
INFO: Detected non-HTTP/2 connection.
 {"metadata":{"emulator":{"name":"firestore"},"message":"Mar 26, 2026 3:04:02 PM io.gapi.emulators.netty.HttpVersionRoutingHandler channelRead\nINFO: Detected non-HTTP/2 connection.\n"}}
[debug] [2026-03-26T18:04:15.247Z] Mar 26, 2026 3:04:15 PM io.gapi.emulators.netty.HttpVersionRoutingHandler channelRead
INFO: Detected non-HTTP/2 connection.
 {"metadata":{"emulator":{"name":"firestore"},"message":"Mar 26, 2026 3:04:15 PM io.gapi.emulators.netty.HttpVersionRoutingHandler channelRead\nINFO: Detected non-HTTP/2 connection.\n"}}
[debug] [2026-03-26T18:04:29.242Z] Mar 26, 2026 3:04:29 PM io.gapi.emulators.netty.HttpVersionRoutingHandler channelRead
INFO: Detected non-HTTP/2 connection.
 {"metadata":{"emulator":{"name":"firestore"},"message":"Mar 26, 2026 3:04:29 PM io.gapi.emulators.netty.HttpVersionRoutingHandler channelRead\nINFO: Detected non-HTTP/2 connection.\n"}}
[debug] [2026-03-26T18:04:29.248Z] Mar 26, 2026 3:04:29 PM com.google.cloud.datastore.emulator.firestore.webchannel.FirestoreV1WebChannelAdapter$FirestoreListenHandler onClose
INFO: channel closed
 {"metadata":{"emulator":{"name":"firestore"},"message":"Mar 26, 2026 3:04:29 PM com.google.cloud.datastore.emulator.firestore.webchannel.FirestoreV1WebChannelAdapter$FirestoreListenHandler onClose\nINFO: channel closed\n"}}
[debug] [2026-03-26T18:04:48.974Z] Mar 26, 2026 3:04:48 PM io.gapi.emulators.netty.HttpVersionRoutingHandler channelRead
INFO: Detected non-HTTP/2 connection.
 {"metadata":{"emulator":{"name":"firestore"},"message":"Mar 26, 2026 3:04:48 PM io.gapi.emulators.netty.HttpVersionRoutingHandler channelRead\nINFO: Detected non-HTTP/2 connection.\n"}}
[debug] [2026-03-26T18:06:05.032Z] Mar 26, 2026 3:06:05 PM io.gapi.emulators.netty.HttpVersionRoutingHandler channelRead
INFO: Detected non-HTTP/2 connection.
 {"metadata":{"emulator":{"name":"firestore"},"message":"Mar 26, 2026 3:06:05 PM io.gapi.emulators.netty.HttpVersionRoutingHandler channelRead\nINFO: Detected non-HTTP/2 connection.\n"}}
[debug] [2026-03-26T18:06:52.046Z] Mar 26, 2026 3:06:52 PM io.gapi.emulators.netty.HttpVersionRoutingHandler channelRead
INFO: Detected non-HTTP/2 connection.
 {"metadata":{"emulator":{"name":"firestore"},"message":"Mar 26, 2026 3:06:52 PM io.gapi.emulators.netty.HttpVersionRoutingHandler channelRead\nINFO: Detected non-HTTP/2 connection.\n"}}
[debug] [2026-03-26T18:07:38.101Z] Mar 26, 2026 3:07:38 PM io.gapi.emulators.netty.HttpVersionRoutingHandler channelRead
INFO: Detected non-HTTP/2 connection.
 {"metadata":{"emulator":{"name":"firestore"},"message":"Mar 26, 2026 3:07:38 PM io.gapi.emulators.netty.HttpVersionRoutingHandler channelRead\nINFO: Detected non-HTTP/2 connection.\n"}}
[debug] [2026-03-26T18:08:29.972Z] Mar 26, 2026 3:08:29 PM com.google.cloud.datastore.emulator.firestore.websocket.WebSocketChannelHandler channelClosed
INFO: Websocket client disconnected
 {"metadata":{"emulator":{"name":"firestore"},"message":"Mar 26, 2026 3:08:29 PM com.google.cloud.datastore.emulator.firestore.websocket.WebSocketChannelHandler channelClosed\nINFO: Websocket client disconnected\n"}}
[debug] [2026-03-26T18:08:30.499Z] Mar 26, 2026 3:08:30 PM io.netty.channel.DefaultChannelPipeline onUnhandledInboundException
WARNING: An exceptionCaught() event was fired, and it reached at the tail of the pipeline. It usually means the last handler in the pipeline did not handle the exception.
java.net.SocketException: Connection reset
	at java.base/sun.nio.ch.SocketChannelImpl.throwConnectionReset(SocketChannelImpl.java:401)
	at java.base/sun.nio.ch.SocketChannelImpl.read(SocketChannelImpl.java:434)
	at io.netty.buffer.PooledByteBuf.setBytes(PooledByteBuf.java:255)
	at io.netty.buffer.AbstractByteBuf.writeBytes(AbstractByteBuf.java:1132)
	at io.netty.channel.socket.nio.NioSocketChannel.doReadBytes(NioSocketChannel.java:356)
	at io.netty.channel.nio.AbstractNioByteChannel$NioByteUnsafe.read(AbstractNioByteChannel.java:151)
	at io.netty.channel.nio.NioEventLoop.processSelectedKey(NioEventLoop.java:796)
	at io.netty.channel.nio.NioEventLoop.processSelectedKeysOptimized(NioEventLoop.java:732)
	at io.netty.channel.nio.NioEventLoop.processSelectedKeys(NioEventLoop.java:658)
	at io.netty.channel.nio.NioEventLoop.run(NioEventLoop.java:562)
	at io.netty.util.concurrent.SingleThreadEventExecutor$4.run(SingleThreadEventExecutor.java:998)
	at io.netty.util.internal.ThreadExecutorMap$2.run(ThreadExecutorMap.java:74)
	at io.netty.util.concurrent.FastThreadLocalRunnable.run(FastThreadLocalRunnable.java:30)
	at java.base/java.lang.Thread.run(Thread.java:1583)

 {"metadata":{"emulator":{"name":"firestore"},"message":"Mar 26, 2026 3:08:30 PM io.netty.channel.DefaultChannelPipeline onUnhandledInboundException\nWARNING: An exceptionCaught() event was fired, and it reached at the tail of the pipeline. It usually means the last handler in the pipeline did not handle the exception.\njava.net.SocketException: Connection reset\n\tat java.base/sun.nio.ch.SocketChannelImpl.throwConnectionReset(SocketChannelImpl.java:401)\n\tat java.base/sun.nio.ch.SocketChannelImpl.read(SocketChannelImpl.java:434)\n\tat io.netty.buffer.PooledByteBuf.setBytes(PooledByteBuf.java:255)\n\tat io.netty.buffer.AbstractByteBuf.writeBytes(AbstractByteBuf.java:1132)\n\tat io.netty.channel.socket.nio.NioSocketChannel.doReadBytes(NioSocketChannel.java:356)\n\tat io.netty.channel.nio.AbstractNioByteChannel$NioByteUnsafe.read(AbstractNioByteChannel.java:151)\n\tat io.netty.channel.nio.NioEventLoop.processSelectedKey(NioEventLoop.java:796)\n\tat io.netty.channel.nio.NioEventLoop.processSelectedKeysOptimized(NioEventLoop.java:732)\n\tat io.netty.channel.nio.NioEventLoop.processSelectedKeys(NioEventLoop.java:658)\n\tat io.netty.channel.nio.NioEventLoop.run(NioEventLoop.java:562)\n\tat io.netty.util.concurrent.SingleThreadEventExecutor$4.run(SingleThreadEventExecutor.java:998)\n\tat io.netty.util.internal.ThreadExecutorMap$2.run(ThreadExecutorMap.java:74)\n\tat io.netty.util.concurrent.FastThreadLocalRunnable.run(FastThreadLocalRunnable.java:30)\n\tat java.base/java.lang.Thread.run(Thread.java:1583)\n\n"}}
[debug] [2026-03-26T18:10:09.547Z] File /home/davi.queiroz/projetos_davi/nexus-web/cloud-functions/src/notifications/manageUserTokens.ts changed, reloading triggers {"metadata":{"emulator":{"name":"functions"},"message":"File /home/davi.queiroz/projetos_davi/nexus-web/cloud-functions/src/notifications/manageUserTokens.ts changed, reloading triggers"}}
[debug] [2026-03-26T18:10:09.715Z] File /home/davi.queiroz/projetos_davi/nexus-web/cloud-functions/src/notifications/manageUserTokens.ts changed, reloading triggers {"metadata":{"emulator":{"name":"functions"},"message":"File /home/davi.queiroz/projetos_davi/nexus-web/cloud-functions/src/notifications/manageUserTokens.ts changed, reloading triggers"}}
[debug] [2026-03-26T18:10:09.874Z] File /home/davi.queiroz/projetos_davi/nexus-web/cloud-functions/src/notifications/manageUserTokens.ts changed, reloading triggers {"metadata":{"emulator":{"name":"functions"},"message":"File /home/davi.queiroz/projetos_davi/nexus-web/cloud-functions/src/notifications/manageUserTokens.ts changed, reloading triggers"}}
[debug] [2026-03-26T18:10:10.904Z] Validating nodejs source
[warn] ⚠  functions: package.json indicates an outdated version of firebase-functions. Please upgrade using npm install --save firebase-functions@latest in your functions directory. 
[warn] ⚠  functions: Please note that there will be breaking changes when you upgrade. 
[debug] [2026-03-26T18:10:11.929Z] > [functions] package.json contents: {
  "name": "nexus-cloud-functions",
  "version": "1.0.0",
  "description": "Cloud Functions para Nexus Platform",
  "main": "lib/index.js",
  "scripts": {
    "build": "tsc",
    "serve": "npm run build && firebase emulators:start --only functions",
    "shell": "npm run build && firebase functions:shell",
    "start": "npm run shell",
    "deploy": "firebase deploy --only functions",
    "logs": "firebase functions:log",
    "clean": "rimraf lib",
    "prebuild": "npm run clean"
  },
  "engines": {
    "node": "18"
  },
  "dependencies": {
    "cors": "^2.8.5",
    "dayjs": "^1.11.10",
    "firebase-admin": "^12.7.0",
    "firebase-functions": "^5.1.1",
    "node-cron": "^3.0.2"
  },
  "devDependencies": {
    "@types/cors": "^2.8.17",
    "@types/node-cron": "^3.0.8",
    "firebase-functions-test": "^3.1.0",
    "rimraf": "^5.0.5",
    "typescript": "^5.3.0"
  },
  "private": true
}
[debug] [2026-03-26T18:10:11.930Z] Building nodejs source
[debug] [2026-03-26T18:10:11.931Z] Failed to find version of module node: reached end of search path /home/davi.queiroz/projetos_davi/nexus-web/cloud-functions/node_modules
[warn] ⚠  functions: Your requested "node" version "18" doesn't match your global version "20". Using node@20 from host. 
[debug] [2026-03-26T18:10:11.956Z] Could not find functions.yaml. Must use http discovery
[debug] [2026-03-26T18:10:11.977Z] Found firebase-functions binary at '/home/davi.queiroz/projetos_davi/nexus-web/cloud-functions/node_modules/.bin/firebase-functions'
[info] Serving at port 8489

[debug] [2026-03-26T18:10:12.488Z] Got response from /__/functions.yaml {"endpoints":{"healthCheck":{"platform":"gcfv1","availableMemoryMb":null,"timeoutSeconds":null,"minInstances":null,"maxInstances":null,"ingressSettings":null,"serviceAccountEmail":null,"vpc":null,"region":["southamerica-east1"],"httpsTrigger":{},"entryPoint":"healthCheck"},"dailyReminderScheduler":{"platform":"gcfv1","availableMemoryMb":null,"timeoutSeconds":null,"minInstances":null,"maxInstances":null,"ingressSettings":null,"serviceAccountEmail":null,"vpc":null,"region":["southamerica-east1"],"scheduleTrigger":{"schedule":"0 8 * * *","retryConfig":{"retryCount":null,"maxDoublings":null,"maxRetryDuration":null,"maxBackoffDuration":null,"minBackoffDuration":null},"timeZone":"America/Sao_Paulo"},"labels":{},"entryPoint":"dailyReminderScheduler"},"sendPushNotification":{"platform":"gcfv1","availableMemoryMb":null,"timeoutSeconds":null,"minInstances":null,"maxInstances":null,"ingressSettings":null,"serviceAccountEmail":null,"vpc":null,"region":["southamerica-east1"],"httpsTrigger":{},"entryPoint":"sendPushNotification"},"saveUserFCMToken":{"platform":"gcfv1","labels":{},"availableMemoryMb":null,"timeoutSeconds":null,"minInstances":null,"maxInstances":null,"ingressSettings":null,"serviceAccountEmail":null,"vpc":null,"region":["southamerica-east1"],"callableTrigger":{},"entryPoint":"saveUserFCMToken"},"removeUserFCMToken":{"platform":"gcfv1","labels":{},"availableMemoryMb":null,"timeoutSeconds":null,"minInstances":null,"maxInstances":null,"ingressSettings":null,"serviceAccountEmail":null,"vpc":null,"region":["southamerica-east1"],"callableTrigger":{},"entryPoint":"removeUserFCMToken"},"cleanupOldTokens":{"platform":"gcfv1","availableMemoryMb":null,"timeoutSeconds":null,"minInstances":null,"maxInstances":null,"ingressSettings":null,"serviceAccountEmail":null,"vpc":null,"region":["southamerica-east1"],"scheduleTrigger":{"schedule":"every 24 hours","retryConfig":{"retryCount":null,"maxDoublings":null,"maxRetryDuration":null,"maxBackoffDuration":null,"minBackoffDuration":null},"timeZone":"America/Sao_Paulo"},"labels":{},"entryPoint":"cleanupOldTokens"}},"specVersion":"v1alpha1","requiredAPIs":[{"api":"cloudscheduler.googleapis.com","reason":"Needed for scheduled functions."}],"extensions":{}}
[info] ✔  functions: Loaded functions definitions from source: healthCheck, dailyReminderScheduler, sendPushNotification, saveUserFCMToken, removeUserFCMToken, cleanupOldTokens. {"metadata":{"emulator":{"name":"functions"},"message":"Loaded functions definitions from source: healthCheck, dailyReminderScheduler, sendPushNotification, saveUserFCMToken, removeUserFCMToken, cleanupOldTokens."}}
[debug] [2026-03-26T18:10:16.603Z] [worker-pool] Shutting down IDLE worker (southamerica-east1-healthCheck) {"metadata":{"emulator":{"name":"functions"},"message":"[worker-pool] Shutting down IDLE worker (southamerica-east1-healthCheck)"}}
[debug] [2026-03-26T18:10:16.603Z] [worker-southamerica-east1-healthCheck-61a5538b-296d-473f-bf01-fc27b0852726]: FINISHING {"metadata":{"emulator":{"name":"functions"},"function":{"name":"southamerica-east1-healthCheck"},"extension":{},"message":"[worker-southamerica-east1-healthCheck-61a5538b-296d-473f-bf01-fc27b0852726]: FINISHING"}}
[debug] [2026-03-26T18:10:16.605Z] [worker-pool] Shutting down IDLE worker (southamerica-east1-sendPushNotification) {"metadata":{"emulator":{"name":"functions"},"message":"[worker-pool] Shutting down IDLE worker (southamerica-east1-sendPushNotification)"}}
[debug] [2026-03-26T18:10:16.605Z] [worker-southamerica-east1-sendPushNotification-554b3166-3457-47cf-a107-4e0066d80f14]: FINISHING {"metadata":{"emulator":{"name":"functions"},"function":{"name":"southamerica-east1-sendPushNotification"},"extension":{},"message":"[worker-southamerica-east1-sendPushNotification-554b3166-3457-47cf-a107-4e0066d80f14]: FINISHING"}}
[debug] [2026-03-26T18:10:16.614Z] [worker-southamerica-east1-healthCheck-61a5538b-296d-473f-bf01-fc27b0852726]: exited {"metadata":{"emulator":{"name":"functions"},"function":{"name":"southamerica-east1-healthCheck"},"extension":{},"message":"[worker-southamerica-east1-healthCheck-61a5538b-296d-473f-bf01-fc27b0852726]: exited"}}
[debug] [2026-03-26T18:10:16.615Z] [worker-southamerica-east1-healthCheck-61a5538b-296d-473f-bf01-fc27b0852726]: FINISHED {"metadata":{"emulator":{"name":"functions"},"function":{"name":"southamerica-east1-healthCheck"},"extension":{},"message":"[worker-southamerica-east1-healthCheck-61a5538b-296d-473f-bf01-fc27b0852726]: FINISHED"}}
[debug] [2026-03-26T18:10:16.616Z] [worker-southamerica-east1-sendPushNotification-554b3166-3457-47cf-a107-4e0066d80f14]: exited {"metadata":{"emulator":{"name":"functions"},"function":{"name":"southamerica-east1-sendPushNotification"},"extension":{},"message":"[worker-southamerica-east1-sendPushNotification-554b3166-3457-47cf-a107-4e0066d80f14]: exited"}}
[debug] [2026-03-26T18:10:16.616Z] [worker-southamerica-east1-sendPushNotification-554b3166-3457-47cf-a107-4e0066d80f14]: FINISHED {"metadata":{"emulator":{"name":"functions"},"function":{"name":"southamerica-east1-sendPushNotification"},"extension":{},"message":"[worker-southamerica-east1-sendPushNotification-554b3166-3457-47cf-a107-4e0066d80f14]: FINISHED"}}
[debug] [2026-03-26T18:14:37.330Z] File /home/davi.queiroz/projetos_davi/nexus-web/cloud-functions/src/notifications/sendPushNotification.ts changed, reloading triggers {"metadata":{"emulator":{"name":"functions"},"message":"File /home/davi.queiroz/projetos_davi/nexus-web/cloud-functions/src/notifications/sendPushNotification.ts changed, reloading triggers"}}
[debug] [2026-03-26T18:14:37.511Z] File /home/davi.queiroz/projetos_davi/nexus-web/cloud-functions/src/notifications/sendPushNotification.ts changed, reloading triggers {"metadata":{"emulator":{"name":"functions"},"message":"File /home/davi.queiroz/projetos_davi/nexus-web/cloud-functions/src/notifications/sendPushNotification.ts changed, reloading triggers"}}
[debug] [2026-03-26T18:14:37.646Z] File /home/davi.queiroz/projetos_davi/nexus-web/cloud-functions/src/notifications/sendPushNotification.ts changed, reloading triggers {"metadata":{"emulator":{"name":"functions"},"message":"File /home/davi.queiroz/projetos_davi/nexus-web/cloud-functions/src/notifications/sendPushNotification.ts changed, reloading triggers"}}
[debug] [2026-03-26T18:14:38.651Z] Validating nodejs source
[warn] ⚠  functions: package.json indicates an outdated version of firebase-functions. Please upgrade using npm install --save firebase-functions@latest in your functions directory. 
[warn] ⚠  functions: Please note that there will be breaking changes when you upgrade. 
[debug] [2026-03-26T18:14:39.327Z] > [functions] package.json contents: {
  "name": "nexus-cloud-functions",
  "version": "1.0.0",
  "description": "Cloud Functions para Nexus Platform",
  "main": "lib/index.js",
  "scripts": {
    "build": "tsc",
    "serve": "npm run build && firebase emulators:start --only functions",
    "shell": "npm run build && firebase functions:shell",
    "start": "npm run shell",
    "deploy": "firebase deploy --only functions",
    "logs": "firebase functions:log",
    "clean": "rimraf lib",
    "prebuild": "npm run clean"
  },
  "engines": {
    "node": "18"
  },
  "dependencies": {
    "cors": "^2.8.5",
    "dayjs": "^1.11.10",
    "firebase-admin": "^12.7.0",
    "firebase-functions": "^5.1.1",
    "node-cron": "^3.0.2"
  },
  "devDependencies": {
    "@types/cors": "^2.8.17",
    "@types/node-cron": "^3.0.8",
    "firebase-functions-test": "^3.1.0",
    "rimraf": "^5.0.5",
    "typescript": "^5.3.0"
  },
  "private": true
}
[debug] [2026-03-26T18:14:39.327Z] Building nodejs source
[debug] [2026-03-26T18:14:39.327Z] Failed to find version of module node: reached end of search path /home/davi.queiroz/projetos_davi/nexus-web/cloud-functions/node_modules
[warn] ⚠  functions: Your requested "node" version "18" doesn't match your global version "20". Using node@20 from host. 
[debug] [2026-03-26T18:14:39.329Z] Could not find functions.yaml. Must use http discovery
[debug] [2026-03-26T18:14:39.330Z] Found firebase-functions binary at '/home/davi.queiroz/projetos_davi/nexus-web/cloud-functions/node_modules/.bin/firebase-functions'
[info] Serving at port 8854

[debug] [2026-03-26T18:14:39.574Z] Got response from /__/functions.yaml {"endpoints":{"healthCheck":{"platform":"gcfv1","availableMemoryMb":null,"timeoutSeconds":null,"minInstances":null,"maxInstances":null,"ingressSettings":null,"serviceAccountEmail":null,"vpc":null,"region":["southamerica-east1"],"httpsTrigger":{},"entryPoint":"healthCheck"},"dailyReminderScheduler":{"platform":"gcfv1","availableMemoryMb":null,"timeoutSeconds":null,"minInstances":null,"maxInstances":null,"ingressSettings":null,"serviceAccountEmail":null,"vpc":null,"region":["southamerica-east1"],"scheduleTrigger":{"schedule":"0 8 * * *","retryConfig":{"retryCount":null,"maxDoublings":null,"maxRetryDuration":null,"maxBackoffDuration":null,"minBackoffDuration":null},"timeZone":"America/Sao_Paulo"},"labels":{},"entryPoint":"dailyReminderScheduler"},"sendPushNotification":{"platform":"gcfv1","availableMemoryMb":null,"timeoutSeconds":null,"minInstances":null,"maxInstances":null,"ingressSettings":null,"serviceAccountEmail":null,"vpc":null,"region":["southamerica-east1"],"httpsTrigger":{},"entryPoint":"sendPushNotification"},"saveUserFCMToken":{"platform":"gcfv1","labels":{},"availableMemoryMb":null,"timeoutSeconds":null,"minInstances":null,"maxInstances":null,"ingressSettings":null,"serviceAccountEmail":null,"vpc":null,"region":["southamerica-east1"],"callableTrigger":{},"entryPoint":"saveUserFCMToken"},"removeUserFCMToken":{"platform":"gcfv1","labels":{},"availableMemoryMb":null,"timeoutSeconds":null,"minInstances":null,"maxInstances":null,"ingressSettings":null,"serviceAccountEmail":null,"vpc":null,"region":["southamerica-east1"],"callableTrigger":{},"entryPoint":"removeUserFCMToken"},"cleanupOldTokens":{"platform":"gcfv1","availableMemoryMb":null,"timeoutSeconds":null,"minInstances":null,"maxInstances":null,"ingressSettings":null,"serviceAccountEmail":null,"vpc":null,"region":["southamerica-east1"],"scheduleTrigger":{"schedule":"every 24 hours","retryConfig":{"retryCount":null,"maxDoublings":null,"maxRetryDuration":null,"maxBackoffDuration":null,"minBackoffDuration":null},"timeZone":"America/Sao_Paulo"},"labels":{},"entryPoint":"cleanupOldTokens"}},"specVersion":"v1alpha1","requiredAPIs":[{"api":"cloudscheduler.googleapis.com","reason":"Needed for scheduled functions."}],"extensions":{}}
[info] ✔  functions: Loaded functions definitions from source: healthCheck, dailyReminderScheduler, sendPushNotification, saveUserFCMToken, removeUserFCMToken, cleanupOldTokens. {"metadata":{"emulator":{"name":"functions"},"message":"Loaded functions definitions from source: healthCheck, dailyReminderScheduler, sendPushNotification, saveUserFCMToken, removeUserFCMToken, cleanupOldTokens."}}
[debug] [2026-03-26T18:14:55.658Z] Mar 26, 2026 3:14:55 PM com.google.cloud.datastore.emulator.firestore.websocket.WebSocketChannelHandler initChannel
INFO: Connected to new websocket client
 {"metadata":{"emulator":{"name":"firestore"},"message":"Mar 26, 2026 3:14:55 PM com.google.cloud.datastore.emulator.firestore.websocket.WebSocketChannelHandler initChannel\nINFO: Connected to new websocket client\n"}}
[debug] [2026-03-26T18:14:55.660Z] Mar 26, 2026 3:14:55 PM io.gapi.emulators.netty.HttpVersionRoutingHandler channelRead
INFO: Detected non-HTTP/2 connection.
 {"metadata":{"emulator":{"name":"firestore"},"message":"Mar 26, 2026 3:14:55 PM io.gapi.emulators.netty.HttpVersionRoutingHandler channelRead\nINFO: Detected non-HTTP/2 connection.\n"}}
[debug] [2026-03-26T18:14:55.660Z] Mar 26, 2026 3:14:55 PM io.gapi.emulators.netty.HttpVersionRoutingHandler channelRead
INFO: Detected non-HTTP/2 connection.
 {"metadata":{"emulator":{"name":"firestore"},"message":"Mar 26, 2026 3:14:55 PM io.gapi.emulators.netty.HttpVersionRoutingHandler channelRead\nINFO: Detected non-HTTP/2 connection.\n"}}
[debug] [2026-03-26T18:14:56.198Z] Mar 26, 2026 3:14:56 PM io.gapi.emulators.netty.HttpVersionRoutingHandler channelRead
INFO: Detected non-HTTP/2 connection.
 {"metadata":{"emulator":{"name":"firestore"},"message":"Mar 26, 2026 3:14:56 PM io.gapi.emulators.netty.HttpVersionRoutingHandler channelRead\nINFO: Detected non-HTTP/2 connection.\n"}}
[debug] [2026-03-26T18:14:56.313Z] Mar 26, 2026 3:14:56 PM io.gapi.emulators.netty.HttpVersionRoutingHandler channelRead
INFO: Detected non-HTTP/2 connection.
 {"metadata":{"emulator":{"name":"firestore"},"message":"Mar 26, 2026 3:14:56 PM io.gapi.emulators.netty.HttpVersionRoutingHandler channelRead\nINFO: Detected non-HTTP/2 connection.\n"}}
[debug] [2026-03-26T18:14:58.214Z] Mar 26, 2026 3:14:58 PM io.gapi.emulators.netty.HttpVersionRoutingHandler channelRead
INFO: Detected non-HTTP/2 connection.
 {"metadata":{"emulator":{"name":"firestore"},"message":"Mar 26, 2026 3:14:58 PM io.gapi.emulators.netty.HttpVersionRoutingHandler channelRead\nINFO: Detected non-HTTP/2 connection.\n"}}
[debug] [2026-03-26T18:14:58.282Z] Mar 26, 2026 3:14:58 PM io.gapi.emulators.netty.HttpVersionRoutingHandler channelRead
INFO: Detected non-HTTP/2 connection.
 {"metadata":{"emulator":{"name":"firestore"},"message":"Mar 26, 2026 3:14:58 PM io.gapi.emulators.netty.HttpVersionRoutingHandler channelRead\nINFO: Detected non-HTTP/2 connection.\n"}}
[debug] [2026-03-26T18:14:58.301Z] Mar 26, 2026 3:14:58 PM io.gapi.emulators.netty.HttpVersionRoutingHandler channelRead
INFO: Detected non-HTTP/2 connection.
 {"metadata":{"emulator":{"name":"firestore"},"message":"Mar 26, 2026 3:14:58 PM io.gapi.emulators.netty.HttpVersionRoutingHandler channelRead\nINFO: Detected non-HTTP/2 connection.\n"}}
[debug] [2026-03-26T18:14:58.321Z] Mar 26, 2026 3:14:58 PM io.gapi.emulators.netty.HttpVersionRoutingHandler channelRead
INFO: Detected non-HTTP/2 connection.
 {"metadata":{"emulator":{"name":"firestore"},"message":"Mar 26, 2026 3:14:58 PM io.gapi.emulators.netty.HttpVersionRoutingHandler channelRead\nINFO: Detected non-HTTP/2 connection.\n"}}
[debug] [2026-03-26T18:14:58.341Z] Mar 26, 2026 3:14:58 PM io.gapi.emulators.netty.HttpVersionRoutingHandler channelRead
INFO: Detected non-HTTP/2 connection.
 {"metadata":{"emulator":{"name":"firestore"},"message":"Mar 26, 2026 3:14:58 PM io.gapi.emulators.netty.HttpVersionRoutingHandler channelRead\nINFO: Detected non-HTTP/2 connection.\n"}}
[debug] [2026-03-26T18:14:58.393Z] Mar 26, 2026 3:14:58 PM io.gapi.emulators.netty.HttpVersionRoutingHandler channelRead
INFO: Detected non-HTTP/2 connection.
 {"metadata":{"emulator":{"name":"firestore"},"message":"Mar 26, 2026 3:14:58 PM io.gapi.emulators.netty.HttpVersionRoutingHandler channelRead\nINFO: Detected non-HTTP/2 connection.\n"}}
[debug] [2026-03-26T18:14:58.408Z] Mar 26, 2026 3:14:58 PM io.gapi.emulators.netty.HttpVersionRoutingHandler channelRead
INFO: Detected non-HTTP/2 connection.
 {"metadata":{"emulator":{"name":"firestore"},"message":"Mar 26, 2026 3:14:58 PM io.gapi.emulators.netty.HttpVersionRoutingHandler channelRead\nINFO: Detected non-HTTP/2 connection.\n"}}
[debug] [2026-03-26T18:14:58.453Z] Mar 26, 2026 3:14:58 PM io.gapi.emulators.netty.HttpVersionRoutingHandler channelRead
INFO: Detected non-HTTP/2 connection.
 {"metadata":{"emulator":{"name":"firestore"},"message":"Mar 26, 2026 3:14:58 PM io.gapi.emulators.netty.HttpVersionRoutingHandler channelRead\nINFO: Detected non-HTTP/2 connection.\n"}}
[debug] [2026-03-26T18:14:58.488Z] Mar 26, 2026 3:14:58 PM io.gapi.emulators.netty.HttpVersionRoutingHandler channelRead
INFO: Detected non-HTTP/2 connection.
 {"metadata":{"emulator":{"name":"firestore"},"message":"Mar 26, 2026 3:14:58 PM io.gapi.emulators.netty.HttpVersionRoutingHandler channelRead\nINFO: Detected non-HTTP/2 connection.\n"}}
[debug] [2026-03-26T18:14:58.523Z] Mar 26, 2026 3:14:58 PM io.gapi.emulators.netty.HttpVersionRoutingHandler channelRead
INFO: Detected non-HTTP/2 connection.
 {"metadata":{"emulator":{"name":"firestore"},"message":"Mar 26, 2026 3:14:58 PM io.gapi.emulators.netty.HttpVersionRoutingHandler channelRead\nINFO: Detected non-HTTP/2 connection.\n"}}
[debug] [2026-03-26T18:15:00.533Z] [work-queue] {"queuedWork":["/projeto-nexus-62ebb/southamerica-east1/healthCheck-2026-03-26T18:15:00.533Z"],"queueLength":1,"runningWork":[],"workRunningCount":0}
[debug] [2026-03-26T18:15:00.533Z] [work-queue] {"queuedWork":[],"queueLength":0,"runningWork":["/projeto-nexus-62ebb/southamerica-east1/healthCheck-2026-03-26T18:15:00.533Z"],"workRunningCount":1}
[debug] [2026-03-26T18:15:00.533Z] Accepted request OPTIONS /projeto-nexus-62ebb/southamerica-east1/healthCheck --> southamerica-east1-healthCheck
[debug] [2026-03-26T18:15:00.547Z] [functions] Runtime ready! Sending request! {"metadata":{"emulator":{"name":"functions"},"message":"[functions] Runtime ready! Sending request!"}}
[debug] [2026-03-26T18:15:00.547Z] [functions] Got req.url=/projeto-nexus-62ebb/southamerica-east1/healthCheck, mapping to path=/ {"metadata":{"emulator":{"name":"functions"},"message":"[functions] Got req.url=/projeto-nexus-62ebb/southamerica-east1/healthCheck, mapping to path=/"}}
[debug] [2026-03-26T18:15:00.547Z] [worker-pool] Cleaned up workers for southamerica-east1-healthCheck: 1 --> 0 {"metadata":{"emulator":{"name":"functions"},"message":"[worker-pool] Cleaned up workers for southamerica-east1-healthCheck: 1 --> 0"}}
[debug] [2026-03-26T18:15:00.547Z] [worker-pool] Cleaned up workers for southamerica-east1-sendPushNotification: 1 --> 0 {"metadata":{"emulator":{"name":"functions"},"message":"[worker-pool] Cleaned up workers for southamerica-east1-sendPushNotification: 1 --> 0"}}
[debug] [2026-03-26T18:15:00.552Z] [worker-pool] addWorker(southamerica-east1-healthCheck) {"metadata":{"emulator":{"name":"functions"},"message":"[worker-pool] addWorker(southamerica-east1-healthCheck)"}}
[debug] [2026-03-26T18:15:00.552Z] [worker-pool] Adding worker with key southamerica-east1-healthCheck, total=1 {"metadata":{"emulator":{"name":"functions"},"message":"[worker-pool] Adding worker with key southamerica-east1-healthCheck, total=1"}}
[debug] [2026-03-26T18:15:01.573Z] [runtime-status] [33807] Resolved module firebase-admin {"declared":true,"installed":true,"version":"12.7.0","resolution":"/home/davi.queiroz/projetos_davi/nexus-web/cloud-functions/node_modules/firebase-admin/lib/index.js"} {"metadata":{"emulator":{"name":"functions"},"function":{"name":"southamerica-east1-healthCheck"},"extension":{},"message":"[runtime-status] [33807] Resolved module firebase-admin {\"declared\":true,\"installed\":true,\"version\":\"12.7.0\",\"resolution\":\"/home/davi.queiroz/projetos_davi/nexus-web/cloud-functions/node_modules/firebase-admin/lib/index.js\"}"}}
[debug] [2026-03-26T18:15:01.574Z] [runtime-status] [33807] Resolved module firebase-functions {"declared":true,"installed":true,"version":"5.1.1","resolution":"/home/davi.queiroz/projetos_davi/nexus-web/cloud-functions/node_modules/firebase-functions/lib/v1/index.js"} {"metadata":{"emulator":{"name":"functions"},"function":{"name":"southamerica-east1-healthCheck"},"extension":{},"message":"[runtime-status] [33807] Resolved module firebase-functions {\"declared\":true,\"installed\":true,\"version\":\"5.1.1\",\"resolution\":\"/home/davi.queiroz/projetos_davi/nexus-web/cloud-functions/node_modules/firebase-functions/lib/v1/index.js\"}"}}
[debug] [2026-03-26T18:15:01.574Z] [runtime-status] [33807] Outgoing network have been stubbed. [{"name":"http","status":"mocked"},{"name":"http","status":"mocked"},{"name":"https","status":"mocked"},{"name":"https","status":"mocked"},{"name":"net","status":"mocked"}] {"metadata":{"emulator":{"name":"functions"},"function":{"name":"southamerica-east1-healthCheck"},"extension":{},"message":"[runtime-status] [33807] Outgoing network have been stubbed. [{\"name\":\"http\",\"status\":\"mocked\"},{\"name\":\"http\",\"status\":\"mocked\"},{\"name\":\"https\",\"status\":\"mocked\"},{\"name\":\"https\",\"status\":\"mocked\"},{\"name\":\"net\",\"status\":\"mocked\"}]"}}
[debug] [2026-03-26T18:15:01.574Z] [runtime-status] [33807] Resolved module firebase-functions {"declared":true,"installed":true,"version":"5.1.1","resolution":"/home/davi.queiroz/projetos_davi/nexus-web/cloud-functions/node_modules/firebase-functions/lib/v1/index.js"} {"metadata":{"emulator":{"name":"functions"},"function":{"name":"southamerica-east1-healthCheck"},"extension":{},"message":"[runtime-status] [33807] Resolved module firebase-functions {\"declared\":true,\"installed\":true,\"version\":\"5.1.1\",\"resolution\":\"/home/davi.queiroz/projetos_davi/nexus-web/cloud-functions/node_modules/firebase-functions/lib/v1/index.js\"}"}}
[debug] [2026-03-26T18:15:01.641Z] [runtime-status] [33807] Resolved module firebase-admin {"declared":true,"installed":true,"version":"12.7.0","resolution":"/home/davi.queiroz/projetos_davi/nexus-web/cloud-functions/node_modules/firebase-admin/lib/index.js"} {"metadata":{"emulator":{"name":"functions"},"function":{"name":"southamerica-east1-healthCheck"},"extension":{},"message":"[runtime-status] [33807] Resolved module firebase-admin {\"declared\":true,\"installed\":true,\"version\":\"12.7.0\",\"resolution\":\"/home/davi.queiroz/projetos_davi/nexus-web/cloud-functions/node_modules/firebase-admin/lib/index.js\"}"}}
[debug] [2026-03-26T18:15:01.642Z] [runtime-status] [33807] Resolved module firebase-functions {"declared":true,"installed":true,"version":"5.1.1","resolution":"/home/davi.queiroz/projetos_davi/nexus-web/cloud-functions/node_modules/firebase-functions/lib/v1/index.js"} {"metadata":{"emulator":{"name":"functions"},"function":{"name":"southamerica-east1-healthCheck"},"extension":{},"message":"[runtime-status] [33807] Resolved module firebase-functions {\"declared\":true,\"installed\":true,\"version\":\"5.1.1\",\"resolution\":\"/home/davi.queiroz/projetos_davi/nexus-web/cloud-functions/node_modules/firebase-functions/lib/v1/index.js\"}"}}
[debug] [2026-03-26T18:15:01.700Z] [runtime-status] [33807] firebase-admin has been stubbed. {"adminResolution":{"declared":true,"installed":true,"version":"12.7.0","resolution":"/home/davi.queiroz/projetos_davi/nexus-web/cloud-functions/node_modules/firebase-admin/lib/index.js"}} {"metadata":{"emulator":{"name":"functions"},"function":{"name":"southamerica-east1-healthCheck"},"extension":{},"message":"[runtime-status] [33807] firebase-admin has been stubbed. {\"adminResolution\":{\"declared\":true,\"installed\":true,\"version\":\"12.7.0\",\"resolution\":\"/home/davi.queiroz/projetos_davi/nexus-web/cloud-functions/node_modules/firebase-admin/lib/index.js\"}}"}}
[debug] [2026-03-26T18:15:01.702Z] [runtime-status] [33807] initializeApp(DEFAULT) {"storageBucket":"projeto-nexus-62ebb.appspot.com","databaseURL":"https://projeto-nexus-62ebb.firebaseio.com","projectId":"projeto-nexus-62ebb"} {"metadata":{"emulator":{"name":"functions"},"function":{"name":"southamerica-east1-healthCheck"},"extension":{},"message":"[runtime-status] [33807] initializeApp(DEFAULT) {\"storageBucket\":\"projeto-nexus-62ebb.appspot.com\",\"databaseURL\":\"https://projeto-nexus-62ebb.firebaseio.com\",\"projectId\":\"projeto-nexus-62ebb\"}"}}
[debug] [2026-03-26T18:15:01.712Z] [runtime-status] [33807] Functions runtime initialized. {"cwd":"/home/davi.queiroz/projetos_davi/nexus-web/cloud-functions","node_version":"20.20.1"} {"metadata":{"emulator":{"name":"functions"},"function":{"name":"southamerica-east1-healthCheck"},"extension":{},"message":"[runtime-status] [33807] Functions runtime initialized. {\"cwd\":\"/home/davi.queiroz/projetos_davi/nexus-web/cloud-functions\",\"node_version\":\"20.20.1\"}"}}
[debug] [2026-03-26T18:15:01.712Z] [runtime-status] [33807] Listening to port: /tmp/fire_emu_089862bdf826bd04.sock {"metadata":{"emulator":{"name":"functions"},"function":{"name":"southamerica-east1-healthCheck"},"extension":{},"message":"[runtime-status] [33807] Listening to port: /tmp/fire_emu_089862bdf826bd04.sock"}}
[debug] [2026-03-26T18:15:01.764Z] [worker-southamerica-east1-healthCheck-989041e0-b811-4f7d-8f1a-3efe8048c713]: IDLE {"metadata":{"emulator":{"name":"functions"},"function":{"name":"southamerica-east1-healthCheck"},"extension":{},"message":"[worker-southamerica-east1-healthCheck-989041e0-b811-4f7d-8f1a-3efe8048c713]: IDLE"}}
[debug] [2026-03-26T18:15:01.764Z] [worker-pool] submitRequest(triggerId=southamerica-east1-healthCheck) {"metadata":{"emulator":{"name":"functions"},"message":"[worker-pool] submitRequest(triggerId=southamerica-east1-healthCheck)"}}
[info] i  functions: Beginning execution of "southamerica-east1-healthCheck" {"metadata":{"emulator":{"name":"functions"},"function":{"name":"southamerica-east1-healthCheck"},"extension":{},"message":"Beginning execution of \"southamerica-east1-healthCheck\""}}
[debug] [2026-03-26T18:15:01.764Z] [worker-southamerica-east1-healthCheck-989041e0-b811-4f7d-8f1a-3efe8048c713]: BUSY {"metadata":{"emulator":{"name":"functions"},"function":{"name":"southamerica-east1-healthCheck"},"extension":{},"message":"[worker-southamerica-east1-healthCheck-989041e0-b811-4f7d-8f1a-3efe8048c713]: BUSY"}}
[debug] [2026-03-26T18:15:01.768Z] Finishing up request with event=pause {"metadata":{"emulator":{"name":"functions"},"function":{"name":"southamerica-east1-healthCheck"},"extension":{},"message":"Finishing up request with event=pause"}}
[info] i  functions: Finished "southamerica-east1-healthCheck" in 3.49409ms {"metadata":{"emulator":{"name":"functions"},"function":{"name":"southamerica-east1-healthCheck"},"extension":{},"message":"Finished \"southamerica-east1-healthCheck\" in 3.49409ms"}}
[debug] [2026-03-26T18:15:01.768Z] [worker-southamerica-east1-healthCheck-989041e0-b811-4f7d-8f1a-3efe8048c713]: IDLE {"metadata":{"emulator":{"name":"functions"},"function":{"name":"southamerica-east1-healthCheck"},"extension":{},"message":"[worker-southamerica-east1-healthCheck-989041e0-b811-4f7d-8f1a-3efe8048c713]: IDLE"}}
[debug] [2026-03-26T18:15:01.768Z] Finishing up request with event=finish {"metadata":{"emulator":{"name":"functions"},"function":{"name":"southamerica-east1-healthCheck"},"extension":{},"message":"Finishing up request with event=finish"}}
[debug] [2026-03-26T18:15:01.768Z] Finishing up request with event=close {"metadata":{"emulator":{"name":"functions"},"function":{"name":"southamerica-east1-healthCheck"},"extension":{},"message":"Finishing up request with event=close"}}
[debug] [2026-03-26T18:15:01.769Z] [work-queue] {"queuedWork":[],"queueLength":0,"runningWork":[],"workRunningCount":0}
[debug] [2026-03-26T18:15:01.769Z] [work-queue] {"queuedWork":["/projeto-nexus-62ebb/southamerica-east1/healthCheck-2026-03-26T18:15:01.769Z"],"queueLength":1,"runningWork":[],"workRunningCount":0}
[debug] [2026-03-26T18:15:01.769Z] [work-queue] {"queuedWork":[],"queueLength":0,"runningWork":["/projeto-nexus-62ebb/southamerica-east1/healthCheck-2026-03-26T18:15:01.769Z"],"workRunningCount":1}
[debug] [2026-03-26T18:15:01.769Z] Accepted request GET /projeto-nexus-62ebb/southamerica-east1/healthCheck --> southamerica-east1-healthCheck
[debug] [2026-03-26T18:15:01.769Z] [functions] Runtime ready! Sending request! {"metadata":{"emulator":{"name":"functions"},"message":"[functions] Runtime ready! Sending request!"}}
[debug] [2026-03-26T18:15:01.770Z] [functions] Got req.url=/projeto-nexus-62ebb/southamerica-east1/healthCheck, mapping to path=/ {"metadata":{"emulator":{"name":"functions"},"message":"[functions] Got req.url=/projeto-nexus-62ebb/southamerica-east1/healthCheck, mapping to path=/"}}
[debug] [2026-03-26T18:15:01.770Z] [worker-pool] submitRequest(triggerId=southamerica-east1-healthCheck) {"metadata":{"emulator":{"name":"functions"},"message":"[worker-pool] submitRequest(triggerId=southamerica-east1-healthCheck)"}}
[info] i  functions: Beginning execution of "southamerica-east1-healthCheck" {"metadata":{"emulator":{"name":"functions"},"function":{"name":"southamerica-east1-healthCheck"},"extension":{},"message":"Beginning execution of \"southamerica-east1-healthCheck\""}}
[debug] [2026-03-26T18:15:01.770Z] [worker-southamerica-east1-healthCheck-989041e0-b811-4f7d-8f1a-3efe8048c713]: BUSY {"metadata":{"emulator":{"name":"functions"},"function":{"name":"southamerica-east1-healthCheck"},"extension":{},"message":"[worker-southamerica-east1-healthCheck-989041e0-b811-4f7d-8f1a-3efe8048c713]: BUSY"}}
[debug] [2026-03-26T18:15:01.773Z] Finishing up request with event=pause {"metadata":{"emulator":{"name":"functions"},"function":{"name":"southamerica-east1-healthCheck"},"extension":{},"message":"Finishing up request with event=pause"}}
[info] i  functions: Finished "southamerica-east1-healthCheck" in 2.973895ms {"metadata":{"emulator":{"name":"functions"},"function":{"name":"southamerica-east1-healthCheck"},"extension":{},"message":"Finished \"southamerica-east1-healthCheck\" in 2.973895ms"}}
[debug] [2026-03-26T18:15:01.773Z] [worker-southamerica-east1-healthCheck-989041e0-b811-4f7d-8f1a-3efe8048c713]: IDLE {"metadata":{"emulator":{"name":"functions"},"function":{"name":"southamerica-east1-healthCheck"},"extension":{},"message":"[worker-southamerica-east1-healthCheck-989041e0-b811-4f7d-8f1a-3efe8048c713]: IDLE"}}
[debug] [2026-03-26T18:15:01.773Z] Finishing up request with event=finish {"metadata":{"emulator":{"name":"functions"},"function":{"name":"southamerica-east1-healthCheck"},"extension":{},"message":"Finishing up request with event=finish"}}
[debug] [2026-03-26T18:15:01.773Z] Finishing up request with event=close {"metadata":{"emulator":{"name":"functions"},"function":{"name":"southamerica-east1-healthCheck"},"extension":{},"message":"Finishing up request with event=close"}}
[debug] [2026-03-26T18:15:01.773Z] [work-queue] {"queuedWork":[],"queueLength":0,"runningWork":[],"workRunningCount":0}
[debug] [2026-03-26T18:15:01.780Z] [work-queue] {"queuedWork":["/projeto-nexus-62ebb/southamerica-east1/sendPushNotification-2026-03-26T18:15:01.780Z"],"queueLength":1,"runningWork":[],"workRunningCount":0}
[debug] [2026-03-26T18:15:01.780Z] [work-queue] {"queuedWork":[],"queueLength":0,"runningWork":["/projeto-nexus-62ebb/southamerica-east1/sendPushNotification-2026-03-26T18:15:01.780Z"],"workRunningCount":1}
[debug] [2026-03-26T18:15:01.780Z] Accepted request OPTIONS /projeto-nexus-62ebb/southamerica-east1/sendPushNotification --> southamerica-east1-sendPushNotification
[debug] [2026-03-26T18:15:01.782Z] [functions] Runtime ready! Sending request! {"metadata":{"emulator":{"name":"functions"},"message":"[functions] Runtime ready! Sending request!"}}
[debug] [2026-03-26T18:15:01.783Z] [functions] Got req.url=/projeto-nexus-62ebb/southamerica-east1/sendPushNotification, mapping to path=/ {"metadata":{"emulator":{"name":"functions"},"message":"[functions] Got req.url=/projeto-nexus-62ebb/southamerica-east1/sendPushNotification, mapping to path=/"}}
[debug] [2026-03-26T18:15:01.788Z] [worker-pool] addWorker(southamerica-east1-sendPushNotification) {"metadata":{"emulator":{"name":"functions"},"message":"[worker-pool] addWorker(southamerica-east1-sendPushNotification)"}}
[debug] [2026-03-26T18:15:01.788Z] [worker-pool] Adding worker with key southamerica-east1-sendPushNotification, total=1 {"metadata":{"emulator":{"name":"functions"},"message":"[worker-pool] Adding worker with key southamerica-east1-sendPushNotification, total=1"}}
[debug] [2026-03-26T18:15:02.294Z] [runtime-status] [33815] Resolved module firebase-admin {"declared":true,"installed":true,"version":"12.7.0","resolution":"/home/davi.queiroz/projetos_davi/nexus-web/cloud-functions/node_modules/firebase-admin/lib/index.js"} {"metadata":{"emulator":{"name":"functions"},"function":{"name":"southamerica-east1-sendPushNotification"},"extension":{},"message":"[runtime-status] [33815] Resolved module firebase-admin {\"declared\":true,\"installed\":true,\"version\":\"12.7.0\",\"resolution\":\"/home/davi.queiroz/projetos_davi/nexus-web/cloud-functions/node_modules/firebase-admin/lib/index.js\"}"}}
[debug] [2026-03-26T18:15:02.294Z] [runtime-status] [33815] Resolved module firebase-functions {"declared":true,"installed":true,"version":"5.1.1","resolution":"/home/davi.queiroz/projetos_davi/nexus-web/cloud-functions/node_modules/firebase-functions/lib/v1/index.js"} {"metadata":{"emulator":{"name":"functions"},"function":{"name":"southamerica-east1-sendPushNotification"},"extension":{},"message":"[runtime-status] [33815] Resolved module firebase-functions {\"declared\":true,\"installed\":true,\"version\":\"5.1.1\",\"resolution\":\"/home/davi.queiroz/projetos_davi/nexus-web/cloud-functions/node_modules/firebase-functions/lib/v1/index.js\"}"}}
[debug] [2026-03-26T18:15:02.295Z] [runtime-status] [33815] Outgoing network have been stubbed. [{"name":"http","status":"mocked"},{"name":"http","status":"mocked"},{"name":"https","status":"mocked"},{"name":"https","status":"mocked"},{"name":"net","status":"mocked"}] {"metadata":{"emulator":{"name":"functions"},"function":{"name":"southamerica-east1-sendPushNotification"},"extension":{},"message":"[runtime-status] [33815] Outgoing network have been stubbed. [{\"name\":\"http\",\"status\":\"mocked\"},{\"name\":\"http\",\"status\":\"mocked\"},{\"name\":\"https\",\"status\":\"mocked\"},{\"name\":\"https\",\"status\":\"mocked\"},{\"name\":\"net\",\"status\":\"mocked\"}]"}}
[debug] [2026-03-26T18:15:02.295Z] [runtime-status] [33815] Resolved module firebase-functions {"declared":true,"installed":true,"version":"5.1.1","resolution":"/home/davi.queiroz/projetos_davi/nexus-web/cloud-functions/node_modules/firebase-functions/lib/v1/index.js"} {"metadata":{"emulator":{"name":"functions"},"function":{"name":"southamerica-east1-sendPushNotification"},"extension":{},"message":"[runtime-status] [33815] Resolved module firebase-functions {\"declared\":true,\"installed\":true,\"version\":\"5.1.1\",\"resolution\":\"/home/davi.queiroz/projetos_davi/nexus-web/cloud-functions/node_modules/firebase-functions/lib/v1/index.js\"}"}}
[debug] [2026-03-26T18:15:02.366Z] [runtime-status] [33815] Resolved module firebase-admin {"declared":true,"installed":true,"version":"12.7.0","resolution":"/home/davi.queiroz/projetos_davi/nexus-web/cloud-functions/node_modules/firebase-admin/lib/index.js"} {"metadata":{"emulator":{"name":"functions"},"function":{"name":"southamerica-east1-sendPushNotification"},"extension":{},"message":"[runtime-status] [33815] Resolved module firebase-admin {\"declared\":true,\"installed\":true,\"version\":\"12.7.0\",\"resolution\":\"/home/davi.queiroz/projetos_davi/nexus-web/cloud-functions/node_modules/firebase-admin/lib/index.js\"}"}}
[debug] [2026-03-26T18:15:02.367Z] [runtime-status] [33815] Resolved module firebase-functions {"declared":true,"installed":true,"version":"5.1.1","resolution":"/home/davi.queiroz/projetos_davi/nexus-web/cloud-functions/node_modules/firebase-functions/lib/v1/index.js"} {"metadata":{"emulator":{"name":"functions"},"function":{"name":"southamerica-east1-sendPushNotification"},"extension":{},"message":"[runtime-status] [33815] Resolved module firebase-functions {\"declared\":true,\"installed\":true,\"version\":\"5.1.1\",\"resolution\":\"/home/davi.queiroz/projetos_davi/nexus-web/cloud-functions/node_modules/firebase-functions/lib/v1/index.js\"}"}}
[debug] [2026-03-26T18:15:02.424Z] [runtime-status] [33815] firebase-admin has been stubbed. {"adminResolution":{"declared":true,"installed":true,"version":"12.7.0","resolution":"/home/davi.queiroz/projetos_davi/nexus-web/cloud-functions/node_modules/firebase-admin/lib/index.js"}} {"metadata":{"emulator":{"name":"functions"},"function":{"name":"southamerica-east1-sendPushNotification"},"extension":{},"message":"[runtime-status] [33815] firebase-admin has been stubbed. {\"adminResolution\":{\"declared\":true,\"installed\":true,\"version\":\"12.7.0\",\"resolution\":\"/home/davi.queiroz/projetos_davi/nexus-web/cloud-functions/node_modules/firebase-admin/lib/index.js\"}}"}}
[debug] [2026-03-26T18:15:02.426Z] [runtime-status] [33815] initializeApp(DEFAULT) {"storageBucket":"projeto-nexus-62ebb.appspot.com","databaseURL":"https://projeto-nexus-62ebb.firebaseio.com","projectId":"projeto-nexus-62ebb"} {"metadata":{"emulator":{"name":"functions"},"function":{"name":"southamerica-east1-sendPushNotification"},"extension":{},"message":"[runtime-status] [33815] initializeApp(DEFAULT) {\"storageBucket\":\"projeto-nexus-62ebb.appspot.com\",\"databaseURL\":\"https://projeto-nexus-62ebb.firebaseio.com\",\"projectId\":\"projeto-nexus-62ebb\"}"}}
[debug] [2026-03-26T18:15:02.436Z] [runtime-status] [33815] Functions runtime initialized. {"cwd":"/home/davi.queiroz/projetos_davi/nexus-web/cloud-functions","node_version":"20.20.1"} {"metadata":{"emulator":{"name":"functions"},"function":{"name":"southamerica-east1-sendPushNotification"},"extension":{},"message":"[runtime-status] [33815] Functions runtime initialized. {\"cwd\":\"/home/davi.queiroz/projetos_davi/nexus-web/cloud-functions\",\"node_version\":\"20.20.1\"}"}}
[debug] [2026-03-26T18:15:02.437Z] [runtime-status] [33815] Listening to port: /tmp/fire_emu_1f9f1ffec34cde7a.sock {"metadata":{"emulator":{"name":"functions"},"function":{"name":"southamerica-east1-sendPushNotification"},"extension":{},"message":"[runtime-status] [33815] Listening to port: /tmp/fire_emu_1f9f1ffec34cde7a.sock"}}
[debug] [2026-03-26T18:15:02.499Z] [worker-southamerica-east1-sendPushNotification-c3edae93-5915-4336-8a4b-74dc9dc28549]: IDLE {"metadata":{"emulator":{"name":"functions"},"function":{"name":"southamerica-east1-sendPushNotification"},"extension":{},"message":"[worker-southamerica-east1-sendPushNotification-c3edae93-5915-4336-8a4b-74dc9dc28549]: IDLE"}}
[debug] [2026-03-26T18:15:02.500Z] [worker-pool] submitRequest(triggerId=southamerica-east1-sendPushNotification) {"metadata":{"emulator":{"name":"functions"},"message":"[worker-pool] submitRequest(triggerId=southamerica-east1-sendPushNotification)"}}
[info] i  functions: Beginning execution of "southamerica-east1-sendPushNotification" {"metadata":{"emulator":{"name":"functions"},"function":{"name":"southamerica-east1-sendPushNotification"},"extension":{},"message":"Beginning execution of \"southamerica-east1-sendPushNotification\""}}
[debug] [2026-03-26T18:15:02.500Z] [worker-southamerica-east1-sendPushNotification-c3edae93-5915-4336-8a4b-74dc9dc28549]: BUSY {"metadata":{"emulator":{"name":"functions"},"function":{"name":"southamerica-east1-sendPushNotification"},"extension":{},"message":"[worker-southamerica-east1-sendPushNotification-c3edae93-5915-4336-8a4b-74dc9dc28549]: BUSY"}}
[debug] [2026-03-26T18:15:02.503Z] Finishing up request with event=pause {"metadata":{"emulator":{"name":"functions"},"function":{"name":"southamerica-east1-sendPushNotification"},"extension":{},"message":"Finishing up request with event=pause"}}
[info] i  functions: Finished "southamerica-east1-sendPushNotification" in 3.321493ms {"metadata":{"emulator":{"name":"functions"},"function":{"name":"southamerica-east1-sendPushNotification"},"extension":{},"message":"Finished \"southamerica-east1-sendPushNotification\" in 3.321493ms"}}
[debug] [2026-03-26T18:15:02.504Z] [worker-southamerica-east1-sendPushNotification-c3edae93-5915-4336-8a4b-74dc9dc28549]: IDLE {"metadata":{"emulator":{"name":"functions"},"function":{"name":"southamerica-east1-sendPushNotification"},"extension":{},"message":"[worker-southamerica-east1-sendPushNotification-c3edae93-5915-4336-8a4b-74dc9dc28549]: IDLE"}}
[debug] [2026-03-26T18:15:02.504Z] Finishing up request with event=finish {"metadata":{"emulator":{"name":"functions"},"function":{"name":"southamerica-east1-sendPushNotification"},"extension":{},"message":"Finishing up request with event=finish"}}
[debug] [2026-03-26T18:15:02.504Z] Finishing up request with event=close {"metadata":{"emulator":{"name":"functions"},"function":{"name":"southamerica-east1-sendPushNotification"},"extension":{},"message":"Finishing up request with event=close"}}
[debug] [2026-03-26T18:15:02.504Z] [work-queue] {"queuedWork":[],"queueLength":0,"runningWork":[],"workRunningCount":0}
[debug] [2026-03-26T18:15:02.505Z] [work-queue] {"queuedWork":["/projeto-nexus-62ebb/southamerica-east1/sendPushNotification-2026-03-26T18:15:02.505Z"],"queueLength":1,"runningWork":[],"workRunningCount":0}
[debug] [2026-03-26T18:15:02.505Z] [work-queue] {"queuedWork":[],"queueLength":0,"runningWork":["/projeto-nexus-62ebb/southamerica-east1/sendPushNotification-2026-03-26T18:15:02.505Z"],"workRunningCount":1}
[debug] [2026-03-26T18:15:02.505Z] Accepted request POST /projeto-nexus-62ebb/southamerica-east1/sendPushNotification --> southamerica-east1-sendPushNotification
[debug] [2026-03-26T18:15:02.505Z] [functions] Runtime ready! Sending request! {"metadata":{"emulator":{"name":"functions"},"message":"[functions] Runtime ready! Sending request!"}}
[debug] [2026-03-26T18:15:02.506Z] [functions] Got req.url=/projeto-nexus-62ebb/southamerica-east1/sendPushNotification, mapping to path=/ {"metadata":{"emulator":{"name":"functions"},"message":"[functions] Got req.url=/projeto-nexus-62ebb/southamerica-east1/sendPushNotification, mapping to path=/"}}
[debug] [2026-03-26T18:15:02.506Z] [worker-pool] submitRequest(triggerId=southamerica-east1-sendPushNotification) {"metadata":{"emulator":{"name":"functions"},"message":"[worker-pool] submitRequest(triggerId=southamerica-east1-sendPushNotification)"}}
[info] i  functions: Beginning execution of "southamerica-east1-sendPushNotification" {"metadata":{"emulator":{"name":"functions"},"function":{"name":"southamerica-east1-sendPushNotification"},"extension":{},"message":"Beginning execution of \"southamerica-east1-sendPushNotification\""}}
[debug] [2026-03-26T18:15:02.506Z] [worker-southamerica-east1-sendPushNotification-c3edae93-5915-4336-8a4b-74dc9dc28549]: BUSY {"metadata":{"emulator":{"name":"functions"},"function":{"name":"southamerica-east1-sendPushNotification"},"extension":{},"message":"[worker-southamerica-east1-sendPushNotification-c3edae93-5915-4336-8a4b-74dc9dc28549]: BUSY"}}
[debug] [2026-03-26T18:15:02.824Z] Mar 26, 2026 3:15:02 PM io.gapi.emulators.netty.HttpVersionRoutingHandler channelRead
INFO: Detected HTTP/2 connection.
 {"metadata":{"emulator":{"name":"firestore"},"message":"Mar 26, 2026 3:15:02 PM io.gapi.emulators.netty.HttpVersionRoutingHandler channelRead\nINFO: Detected HTTP/2 connection.\n"}}
[debug] [2026-03-26T18:15:02.865Z] Finishing up request with event=pause {"metadata":{"emulator":{"name":"functions"},"function":{"name":"southamerica-east1-sendPushNotification"},"extension":{},"message":"Finishing up request with event=pause"}}
[info] i  functions: Finished "southamerica-east1-sendPushNotification" in 359.089196ms {"metadata":{"emulator":{"name":"functions"},"function":{"name":"southamerica-east1-sendPushNotification"},"extension":{},"message":"Finished \"southamerica-east1-sendPushNotification\" in 359.089196ms"}}
[debug] [2026-03-26T18:15:02.865Z] [worker-southamerica-east1-sendPushNotification-c3edae93-5915-4336-8a4b-74dc9dc28549]: IDLE {"metadata":{"emulator":{"name":"functions"},"function":{"name":"southamerica-east1-sendPushNotification"},"extension":{},"message":"[worker-southamerica-east1-sendPushNotification-c3edae93-5915-4336-8a4b-74dc9dc28549]: IDLE"}}
[debug] [2026-03-26T18:15:02.865Z] Finishing up request with event=finish {"metadata":{"emulator":{"name":"functions"},"function":{"name":"southamerica-east1-sendPushNotification"},"extension":{},"message":"Finishing up request with event=finish"}}
[debug] [2026-03-26T18:15:02.865Z] Finishing up request with event=close {"metadata":{"emulator":{"name":"functions"},"function":{"name":"southamerica-east1-sendPushNotification"},"extension":{},"message":"Finishing up request with event=close"}}
[debug] [2026-03-26T18:15:02.866Z] [work-queue] {"queuedWork":[],"queueLength":0,"runningWork":[],"workRunningCount":0}
[debug] [2026-03-26T18:15:02.975Z] Mar 26, 2026 3:15:02 PM io.gapi.emulators.netty.HttpVersionRoutingHandler channelRead
INFO: Detected non-HTTP/2 connection.
 {"metadata":{"emulator":{"name":"firestore"},"message":"Mar 26, 2026 3:15:02 PM io.gapi.emulators.netty.HttpVersionRoutingHandler channelRead\nINFO: Detected non-HTTP/2 connection.\n"}}
[debug] [2026-03-26T18:15:03.066Z] Mar 26, 2026 3:15:03 PM io.gapi.emulators.netty.HttpVersionRoutingHandler channelRead
INFO: Detected non-HTTP/2 connection.
 {"metadata":{"emulator":{"name":"firestore"},"message":"Mar 26, 2026 3:15:03 PM io.gapi.emulators.netty.HttpVersionRoutingHandler channelRead\nINFO: Detected non-HTTP/2 connection.\n"}}
[debug] [2026-03-26T18:15:03.075Z] Mar 26, 2026 3:15:03 PM io.gapi.emulators.netty.HttpVersionRoutingHandler channelRead
INFO: Detected non-HTTP/2 connection.
 {"metadata":{"emulator":{"name":"firestore"},"message":"Mar 26, 2026 3:15:03 PM io.gapi.emulators.netty.HttpVersionRoutingHandler channelRead\nINFO: Detected non-HTTP/2 connection.\n"}}
[debug] [2026-03-26T18:15:07.032Z] [work-queue] {"queuedWork":["/projeto-nexus-62ebb/southamerica-east1/healthCheck-2026-03-26T18:15:07.032Z"],"queueLength":1,"runningWork":[],"workRunningCount":0}
[debug] [2026-03-26T18:15:07.032Z] [work-queue] {"queuedWork":[],"queueLength":0,"runningWork":["/projeto-nexus-62ebb/southamerica-east1/healthCheck-2026-03-26T18:15:07.032Z"],"workRunningCount":1}
[debug] [2026-03-26T18:15:07.032Z] Accepted request OPTIONS /projeto-nexus-62ebb/southamerica-east1/healthCheck --> southamerica-east1-healthCheck
[debug] [2026-03-26T18:15:07.033Z] [functions] Runtime ready! Sending request! {"metadata":{"emulator":{"name":"functions"},"message":"[functions] Runtime ready! Sending request!"}}
[debug] [2026-03-26T18:15:07.033Z] [functions] Got req.url=/projeto-nexus-62ebb/southamerica-east1/healthCheck, mapping to path=/ {"metadata":{"emulator":{"name":"functions"},"message":"[functions] Got req.url=/projeto-nexus-62ebb/southamerica-east1/healthCheck, mapping to path=/"}}
[debug] [2026-03-26T18:15:07.033Z] [worker-pool] submitRequest(triggerId=southamerica-east1-healthCheck) {"metadata":{"emulator":{"name":"functions"},"message":"[worker-pool] submitRequest(triggerId=southamerica-east1-healthCheck)"}}
[info] i  functions: Beginning execution of "southamerica-east1-healthCheck" {"metadata":{"emulator":{"name":"functions"},"function":{"name":"southamerica-east1-healthCheck"},"extension":{},"message":"Beginning execution of \"southamerica-east1-healthCheck\""}}
[debug] [2026-03-26T18:15:07.033Z] [worker-southamerica-east1-healthCheck-989041e0-b811-4f7d-8f1a-3efe8048c713]: BUSY {"metadata":{"emulator":{"name":"functions"},"function":{"name":"southamerica-east1-healthCheck"},"extension":{},"message":"[worker-southamerica-east1-healthCheck-989041e0-b811-4f7d-8f1a-3efe8048c713]: BUSY"}}
[debug] [2026-03-26T18:15:07.035Z] Finishing up request with event=pause {"metadata":{"emulator":{"name":"functions"},"function":{"name":"southamerica-east1-healthCheck"},"extension":{},"message":"Finishing up request with event=pause"}}
[info] i  functions: Finished "southamerica-east1-healthCheck" in 2.175866ms {"metadata":{"emulator":{"name":"functions"},"function":{"name":"southamerica-east1-healthCheck"},"extension":{},"message":"Finished \"southamerica-east1-healthCheck\" in 2.175866ms"}}
[debug] [2026-03-26T18:15:07.036Z] [worker-southamerica-east1-healthCheck-989041e0-b811-4f7d-8f1a-3efe8048c713]: IDLE {"metadata":{"emulator":{"name":"functions"},"function":{"name":"southamerica-east1-healthCheck"},"extension":{},"message":"[worker-southamerica-east1-healthCheck-989041e0-b811-4f7d-8f1a-3efe8048c713]: IDLE"}}
[debug] [2026-03-26T18:15:07.036Z] Finishing up request with event=finish {"metadata":{"emulator":{"name":"functions"},"function":{"name":"southamerica-east1-healthCheck"},"extension":{},"message":"Finishing up request with event=finish"}}
[debug] [2026-03-26T18:15:07.036Z] Finishing up request with event=close {"metadata":{"emulator":{"name":"functions"},"function":{"name":"southamerica-east1-healthCheck"},"extension":{},"message":"Finishing up request with event=close"}}
[debug] [2026-03-26T18:15:07.036Z] [work-queue] {"queuedWork":[],"queueLength":0,"runningWork":[],"workRunningCount":0}
[debug] [2026-03-26T18:15:07.036Z] [work-queue] {"queuedWork":["/projeto-nexus-62ebb/southamerica-east1/healthCheck-2026-03-26T18:15:07.036Z"],"queueLength":1,"runningWork":[],"workRunningCount":0}
[debug] [2026-03-26T18:15:07.037Z] [work-queue] {"queuedWork":[],"queueLength":0,"runningWork":["/projeto-nexus-62ebb/southamerica-east1/healthCheck-2026-03-26T18:15:07.036Z"],"workRunningCount":1}
[debug] [2026-03-26T18:15:07.037Z] Accepted request GET /projeto-nexus-62ebb/southamerica-east1/healthCheck --> southamerica-east1-healthCheck
[debug] [2026-03-26T18:15:07.039Z] [functions] Runtime ready! Sending request! {"metadata":{"emulator":{"name":"functions"},"message":"[functions] Runtime ready! Sending request!"}}
[debug] [2026-03-26T18:15:07.039Z] [functions] Got req.url=/projeto-nexus-62ebb/southamerica-east1/healthCheck, mapping to path=/ {"metadata":{"emulator":{"name":"functions"},"message":"[functions] Got req.url=/projeto-nexus-62ebb/southamerica-east1/healthCheck, mapping to path=/"}}
[debug] [2026-03-26T18:15:07.039Z] [worker-pool] submitRequest(triggerId=southamerica-east1-healthCheck) {"metadata":{"emulator":{"name":"functions"},"message":"[worker-pool] submitRequest(triggerId=southamerica-east1-healthCheck)"}}
[info] i  functions: Beginning execution of "southamerica-east1-healthCheck" {"metadata":{"emulator":{"name":"functions"},"function":{"name":"southamerica-east1-healthCheck"},"extension":{},"message":"Beginning execution of \"southamerica-east1-healthCheck\""}}
[debug] [2026-03-26T18:15:07.039Z] [worker-southamerica-east1-healthCheck-989041e0-b811-4f7d-8f1a-3efe8048c713]: BUSY {"metadata":{"emulator":{"name":"functions"},"function":{"name":"southamerica-east1-healthCheck"},"extension":{},"message":"[worker-southamerica-east1-healthCheck-989041e0-b811-4f7d-8f1a-3efe8048c713]: BUSY"}}
[debug] [2026-03-26T18:15:07.042Z] Finishing up request with event=pause {"metadata":{"emulator":{"name":"functions"},"function":{"name":"southamerica-east1-healthCheck"},"extension":{},"message":"Finishing up request with event=pause"}}
[info] i  functions: Finished "southamerica-east1-healthCheck" in 2.758659ms {"metadata":{"emulator":{"name":"functions"},"function":{"name":"southamerica-east1-healthCheck"},"extension":{},"message":"Finished \"southamerica-east1-healthCheck\" in 2.758659ms"}}
[debug] [2026-03-26T18:15:07.042Z] [worker-southamerica-east1-healthCheck-989041e0-b811-4f7d-8f1a-3efe8048c713]: IDLE {"metadata":{"emulator":{"name":"functions"},"function":{"name":"southamerica-east1-healthCheck"},"extension":{},"message":"[worker-southamerica-east1-healthCheck-989041e0-b811-4f7d-8f1a-3efe8048c713]: IDLE"}}
[debug] [2026-03-26T18:15:07.042Z] Finishing up request with event=finish {"metadata":{"emulator":{"name":"functions"},"function":{"name":"southamerica-east1-healthCheck"},"extension":{},"message":"Finishing up request with event=finish"}}
[debug] [2026-03-26T18:15:07.042Z] Finishing up request with event=close {"metadata":{"emulator":{"name":"functions"},"function":{"name":"southamerica-east1-healthCheck"},"extension":{},"message":"Finishing up request with event=close"}}
[debug] [2026-03-26T18:15:07.042Z] [work-queue] {"queuedWork":[],"queueLength":0,"runningWork":[],"workRunningCount":0}
[debug] [2026-03-26T18:15:07.050Z] [work-queue] {"queuedWork":["/projeto-nexus-62ebb/southamerica-east1/sendPushNotification-2026-03-26T18:15:07.050Z"],"queueLength":1,"runningWork":[],"workRunningCount":0}
[debug] [2026-03-26T18:15:07.050Z] [work-queue] {"queuedWork":[],"queueLength":0,"runningWork":["/projeto-nexus-62ebb/southamerica-east1/sendPushNotification-2026-03-26T18:15:07.050Z"],"workRunningCount":1}
[debug] [2026-03-26T18:15:07.050Z] Accepted request POST /projeto-nexus-62ebb/southamerica-east1/sendPushNotification --> southamerica-east1-sendPushNotification
[debug] [2026-03-26T18:15:07.052Z] [functions] Runtime ready! Sending request! {"metadata":{"emulator":{"name":"functions"},"message":"[functions] Runtime ready! Sending request!"}}
[debug] [2026-03-26T18:15:07.052Z] [functions] Got req.url=/projeto-nexus-62ebb/southamerica-east1/sendPushNotification, mapping to path=/ {"metadata":{"emulator":{"name":"functions"},"message":"[functions] Got req.url=/projeto-nexus-62ebb/southamerica-east1/sendPushNotification, mapping to path=/"}}
[debug] [2026-03-26T18:15:07.052Z] [worker-pool] submitRequest(triggerId=southamerica-east1-sendPushNotification) {"metadata":{"emulator":{"name":"functions"},"message":"[worker-pool] submitRequest(triggerId=southamerica-east1-sendPushNotification)"}}
[info] i  functions: Beginning execution of "southamerica-east1-sendPushNotification" {"metadata":{"emulator":{"name":"functions"},"function":{"name":"southamerica-east1-sendPushNotification"},"extension":{},"message":"Beginning execution of \"southamerica-east1-sendPushNotification\""}}
[debug] [2026-03-26T18:15:07.052Z] [worker-southamerica-east1-sendPushNotification-c3edae93-5915-4336-8a4b-74dc9dc28549]: BUSY {"metadata":{"emulator":{"name":"functions"},"function":{"name":"southamerica-east1-sendPushNotification"},"extension":{},"message":"[worker-southamerica-east1-sendPushNotification-c3edae93-5915-4336-8a4b-74dc9dc28549]: BUSY"}}
[debug] [2026-03-26T18:15:07.064Z] Finishing up request with event=pause {"metadata":{"emulator":{"name":"functions"},"function":{"name":"southamerica-east1-sendPushNotification"},"extension":{},"message":"Finishing up request with event=pause"}}
[info] i  functions: Finished "southamerica-east1-sendPushNotification" in 12.106713ms {"metadata":{"emulator":{"name":"functions"},"function":{"name":"southamerica-east1-sendPushNotification"},"extension":{},"message":"Finished \"southamerica-east1-sendPushNotification\" in 12.106713ms"}}
[debug] [2026-03-26T18:15:07.065Z] [worker-southamerica-east1-sendPushNotification-c3edae93-5915-4336-8a4b-74dc9dc28549]: IDLE {"metadata":{"emulator":{"name":"functions"},"function":{"name":"southamerica-east1-sendPushNotification"},"extension":{},"message":"[worker-southamerica-east1-sendPushNotification-c3edae93-5915-4336-8a4b-74dc9dc28549]: IDLE"}}
[debug] [2026-03-26T18:15:07.065Z] Finishing up request with event=finish {"metadata":{"emulator":{"name":"functions"},"function":{"name":"southamerica-east1-sendPushNotification"},"extension":{},"message":"Finishing up request with event=finish"}}
[debug] [2026-03-26T18:15:07.065Z] Finishing up request with event=close {"metadata":{"emulator":{"name":"functions"},"function":{"name":"southamerica-east1-sendPushNotification"},"extension":{},"message":"Finishing up request with event=close"}}
[debug] [2026-03-26T18:15:07.065Z] [work-queue] {"queuedWork":[],"queueLength":0,"runningWork":[],"workRunningCount":0}
[debug] [2026-03-26T18:15:07.108Z] Mar 26, 2026 3:15:07 PM io.gapi.emulators.netty.HttpVersionRoutingHandler channelRead
INFO: Detected non-HTTP/2 connection.
 {"metadata":{"emulator":{"name":"firestore"},"message":"Mar 26, 2026 3:15:07 PM io.gapi.emulators.netty.HttpVersionRoutingHandler channelRead\nINFO: Detected non-HTTP/2 connection.\n"}}
[debug] [2026-03-26T18:15:12.461Z] Mar 26, 2026 3:15:12 PM io.gapi.emulators.netty.HttpVersionRoutingHandler channelRead
INFO: Detected non-HTTP/2 connection.
 {"metadata":{"emulator":{"name":"firestore"},"message":"Mar 26, 2026 3:15:12 PM io.gapi.emulators.netty.HttpVersionRoutingHandler channelRead\nINFO: Detected non-HTTP/2 connection.\n"}}
[debug] [2026-03-26T18:15:12.463Z] Mar 26, 2026 3:15:12 PM io.gapi.emulators.netty.HttpVersionRoutingHandler channelRead
INFO: Detected non-HTTP/2 connection.
 {"metadata":{"emulator":{"name":"firestore"},"message":"Mar 26, 2026 3:15:12 PM io.gapi.emulators.netty.HttpVersionRoutingHandler channelRead\nINFO: Detected non-HTTP/2 connection.\n"}}
[debug] [2026-03-26T18:15:12.477Z] Mar 26, 2026 3:15:12 PM com.google.cloud.datastore.emulator.firestore.websocket.WebSocketChannelHandler initChannel
INFO: Connected to new websocket client
 {"metadata":{"emulator":{"name":"firestore"},"message":"Mar 26, 2026 3:15:12 PM com.google.cloud.datastore.emulator.firestore.websocket.WebSocketChannelHandler initChannel\nINFO: Connected to new websocket client\n"}}
[debug] [2026-03-26T18:15:12.480Z] Mar 26, 2026 3:15:12 PM io.gapi.emulators.netty.HttpVersionRoutingHandler channelRead
INFO: Detected non-HTTP/2 connection.
 {"metadata":{"emulator":{"name":"firestore"},"message":"Mar 26, 2026 3:15:12 PM io.gapi.emulators.netty.HttpVersionRoutingHandler channelRead\nINFO: Detected non-HTTP/2 connection.\n"}}
[debug] [2026-03-26T18:15:12.485Z] Mar 26, 2026 3:15:12 PM com.google.cloud.datastore.emulator.firestore.webchannel.FirestoreV1WebChannelAdapter$FirestoreListenHandler onClose
INFO: channel closed
 {"metadata":{"emulator":{"name":"firestore"},"message":"Mar 26, 2026 3:15:12 PM com.google.cloud.datastore.emulator.firestore.webchannel.FirestoreV1WebChannelAdapter$FirestoreListenHandler onClose\nINFO: channel closed\n"}}
[debug] [2026-03-26T18:15:12.495Z] Mar 26, 2026 3:15:12 PM com.google.cloud.datastore.emulator.firestore.websocket.WebSocketChannelHandler channelClosed
INFO: Websocket client disconnected
 {"metadata":{"emulator":{"name":"firestore"},"message":"Mar 26, 2026 3:15:12 PM com.google.cloud.datastore.emulator.firestore.websocket.WebSocketChannelHandler channelClosed\nINFO: Websocket client disconnected\n"}}
[debug] [2026-03-26T18:15:12.508Z] Mar 26, 2026 3:15:12 PM io.gapi.emulators.netty.HttpVersionRoutingHandler channelRead
INFO: Detected non-HTTP/2 connection.
 {"metadata":{"emulator":{"name":"firestore"},"message":"Mar 26, 2026 3:15:12 PM io.gapi.emulators.netty.HttpVersionRoutingHandler channelRead\nINFO: Detected non-HTTP/2 connection.\n"}}
[debug] [2026-03-26T18:15:12.569Z] Mar 26, 2026 3:15:12 PM io.gapi.emulators.netty.HttpVersionRoutingHandler channelRead
INFO: Detected non-HTTP/2 connection.
 {"metadata":{"emulator":{"name":"firestore"},"message":"Mar 26, 2026 3:15:12 PM io.gapi.emulators.netty.HttpVersionRoutingHandler channelRead\nINFO: Detected non-HTTP/2 connection.\n"}}
[debug] [2026-03-26T18:15:12.570Z] Mar 26, 2026 3:15:12 PM io.gapi.emulators.netty.HttpVersionRoutingHandler channelRead
INFO: Detected non-HTTP/2 connection.
 {"metadata":{"emulator":{"name":"firestore"},"message":"Mar 26, 2026 3:15:12 PM io.gapi.emulators.netty.HttpVersionRoutingHandler channelRead\nINFO: Detected non-HTTP/2 connection.\n"}}
[debug] [2026-03-26T18:15:12.583Z] Mar 26, 2026 3:15:12 PM io.gapi.emulators.netty.HttpVersionRoutingHandler channelRead
INFO: Detected non-HTTP/2 connection.
 {"metadata":{"emulator":{"name":"firestore"},"message":"Mar 26, 2026 3:15:12 PM io.gapi.emulators.netty.HttpVersionRoutingHandler channelRead\nINFO: Detected non-HTTP/2 connection.\n"}}
[debug] [2026-03-26T18:15:12.590Z] Mar 26, 2026 3:15:12 PM io.gapi.emulators.netty.HttpVersionRoutingHandler channelRead
INFO: Detected non-HTTP/2 connection.
 {"metadata":{"emulator":{"name":"firestore"},"message":"Mar 26, 2026 3:15:12 PM io.gapi.emulators.netty.HttpVersionRoutingHandler channelRead\nINFO: Detected non-HTTP/2 connection.\n"}}
[debug] [2026-03-26T18:15:12.607Z] Mar 26, 2026 3:15:12 PM io.gapi.emulators.netty.HttpVersionRoutingHandler channelRead
INFO: Detected non-HTTP/2 connection.
 {"metadata":{"emulator":{"name":"firestore"},"message":"Mar 26, 2026 3:15:12 PM io.gapi.emulators.netty.HttpVersionRoutingHandler channelRead\nINFO: Detected non-HTTP/2 connection.\n"}}
[debug] [2026-03-26T18:15:12.619Z] Mar 26, 2026 3:15:12 PM io.gapi.emulators.netty.HttpVersionRoutingHandler channelRead
INFO: Detected non-HTTP/2 connection.
 {"metadata":{"emulator":{"name":"firestore"},"message":"Mar 26, 2026 3:15:12 PM io.gapi.emulators.netty.HttpVersionRoutingHandler channelRead\nINFO: Detected non-HTTP/2 connection.\n"}}
[debug] [2026-03-26T18:15:15.443Z] Mar 26, 2026 3:15:15 PM io.gapi.emulators.netty.HttpVersionRoutingHandler channelRead
INFO: Detected non-HTTP/2 connection.
 {"metadata":{"emulator":{"name":"firestore"},"message":"Mar 26, 2026 3:15:15 PM io.gapi.emulators.netty.HttpVersionRoutingHandler channelRead\nINFO: Detected non-HTTP/2 connection.\n"}}
[debug] [2026-03-26T18:15:15.464Z] Mar 26, 2026 3:15:15 PM io.gapi.emulators.netty.HttpVersionRoutingHandler channelRead
INFO: Detected non-HTTP/2 connection.
 {"metadata":{"emulator":{"name":"firestore"},"message":"Mar 26, 2026 3:15:15 PM io.gapi.emulators.netty.HttpVersionRoutingHandler channelRead\nINFO: Detected non-HTTP/2 connection.\n"}}
[debug] [2026-03-26T18:15:15.470Z] Mar 26, 2026 3:15:15 PM io.gapi.emulators.netty.HttpVersionRoutingHandler channelRead
INFO: Detected non-HTTP/2 connection.
 {"metadata":{"emulator":{"name":"firestore"},"message":"Mar 26, 2026 3:15:15 PM io.gapi.emulators.netty.HttpVersionRoutingHandler channelRead\nINFO: Detected non-HTTP/2 connection.\n"}}
[debug] [2026-03-26T18:15:21.065Z] Mar 26, 2026 3:15:21 PM com.google.cloud.datastore.emulator.firestore.websocket.WebSocketChannelHandler channelClosed
INFO: Websocket client disconnected
 {"metadata":{"emulator":{"name":"firestore"},"message":"Mar 26, 2026 3:15:21 PM com.google.cloud.datastore.emulator.firestore.websocket.WebSocketChannelHandler channelClosed\nINFO: Websocket client disconnected\n"}}
[debug] [2026-03-26T18:15:21.076Z] Mar 26, 2026 3:15:21 PM io.gapi.emulators.netty.HttpVersionRoutingHandler channelRead
INFO: Detected non-HTTP/2 connection.
 {"metadata":{"emulator":{"name":"firestore"},"message":"Mar 26, 2026 3:15:21 PM io.gapi.emulators.netty.HttpVersionRoutingHandler channelRead\nINFO: Detected non-HTTP/2 connection.\n"}}
[debug] [2026-03-26T18:15:21.278Z] Mar 26, 2026 3:15:21 PM com.google.cloud.datastore.emulator.firestore.websocket.WebSocketChannelHandler initChannel
INFO: Connected to new websocket client
 {"metadata":{"emulator":{"name":"firestore"},"message":"Mar 26, 2026 3:15:21 PM com.google.cloud.datastore.emulator.firestore.websocket.WebSocketChannelHandler initChannel\nINFO: Connected to new websocket client\n"}}
[debug] [2026-03-26T18:15:21.297Z] Mar 26, 2026 3:15:21 PM io.gapi.emulators.netty.HttpVersionRoutingHandler channelRead
INFO: Detected non-HTTP/2 connection.
 {"metadata":{"emulator":{"name":"firestore"},"message":"Mar 26, 2026 3:15:21 PM io.gapi.emulators.netty.HttpVersionRoutingHandler channelRead\nINFO: Detected non-HTTP/2 connection.\n"}}
[debug] [2026-03-26T18:15:21.310Z] Mar 26, 2026 3:15:21 PM io.gapi.emulators.netty.HttpVersionRoutingHandler channelRead
INFO: Detected non-HTTP/2 connection.
 {"metadata":{"emulator":{"name":"firestore"},"message":"Mar 26, 2026 3:15:21 PM io.gapi.emulators.netty.HttpVersionRoutingHandler channelRead\nINFO: Detected non-HTTP/2 connection.\n"}}
[debug] [2026-03-26T18:15:21.340Z] Mar 26, 2026 3:15:21 PM io.gapi.emulators.netty.HttpVersionRoutingHandler channelRead
INFO: Detected non-HTTP/2 connection.
 {"metadata":{"emulator":{"name":"firestore"},"message":"Mar 26, 2026 3:15:21 PM io.gapi.emulators.netty.HttpVersionRoutingHandler channelRead\nINFO: Detected non-HTTP/2 connection.\n"}}
[debug] [2026-03-26T18:15:24.808Z] Mar 26, 2026 3:15:24 PM io.gapi.emulators.netty.HttpVersionRoutingHandler channelRead
INFO: Detected non-HTTP/2 connection.
 {"metadata":{"emulator":{"name":"firestore"},"message":"Mar 26, 2026 3:15:24 PM io.gapi.emulators.netty.HttpVersionRoutingHandler channelRead\nINFO: Detected non-HTTP/2 connection.\n"}}
[debug] [2026-03-26T18:15:25.934Z] Mar 26, 2026 3:15:25 PM io.gapi.emulators.netty.HttpVersionRoutingHandler channelRead
INFO: Detected non-HTTP/2 connection.
 {"metadata":{"emulator":{"name":"firestore"},"message":"Mar 26, 2026 3:15:25 PM io.gapi.emulators.netty.HttpVersionRoutingHandler channelRead\nINFO: Detected non-HTTP/2 connection.\n"}}
[debug] [2026-03-26T18:15:26.532Z] Mar 26, 2026 3:15:26 PM io.gapi.emulators.netty.HttpVersionRoutingHandler channelRead
INFO: Detected non-HTTP/2 connection.
 {"metadata":{"emulator":{"name":"firestore"},"message":"Mar 26, 2026 3:15:26 PM io.gapi.emulators.netty.HttpVersionRoutingHandler channelRead\nINFO: Detected non-HTTP/2 connection.\n"}}
[debug] [2026-03-26T18:15:27.063Z] Mar 26, 2026 3:15:27 PM io.gapi.emulators.netty.HttpVersionRoutingHandler channelRead
INFO: Detected non-HTTP/2 connection.
 {"metadata":{"emulator":{"name":"firestore"},"message":"Mar 26, 2026 3:15:27 PM io.gapi.emulators.netty.HttpVersionRoutingHandler channelRead\nINFO: Detected non-HTTP/2 connection.\n"}}
[debug] [2026-03-26T18:15:27.541Z] Mar 26, 2026 3:15:27 PM io.gapi.emulators.netty.HttpVersionRoutingHandler channelRead
INFO: Detected non-HTTP/2 connection.
 {"metadata":{"emulator":{"name":"firestore"},"message":"Mar 26, 2026 3:15:27 PM io.gapi.emulators.netty.HttpVersionRoutingHandler channelRead\nINFO: Detected non-HTTP/2 connection.\n"}}
[debug] [2026-03-26T18:15:37.367Z] Mar 26, 2026 3:15:37 PM io.gapi.emulators.netty.HttpVersionRoutingHandler channelRead
INFO: Detected non-HTTP/2 connection.
 {"metadata":{"emulator":{"name":"firestore"},"message":"Mar 26, 2026 3:15:37 PM io.gapi.emulators.netty.HttpVersionRoutingHandler channelRead\nINFO: Detected non-HTTP/2 connection.\n"}}
[debug] [2026-03-26T18:15:38.376Z] Mar 26, 2026 3:15:38 PM io.gapi.emulators.netty.HttpVersionRoutingHandler channelRead
INFO: Detected non-HTTP/2 connection.
 {"metadata":{"emulator":{"name":"firestore"},"message":"Mar 26, 2026 3:15:38 PM io.gapi.emulators.netty.HttpVersionRoutingHandler channelRead\nINFO: Detected non-HTTP/2 connection.\n"}}
[debug] [2026-03-26T18:15:39.063Z] Mar 26, 2026 3:15:39 PM io.gapi.emulators.netty.HttpVersionRoutingHandler channelRead
INFO: Detected non-HTTP/2 connection.
 {"metadata":{"emulator":{"name":"firestore"},"message":"Mar 26, 2026 3:15:39 PM io.gapi.emulators.netty.HttpVersionRoutingHandler channelRead\nINFO: Detected non-HTTP/2 connection.\n"}}
[debug] [2026-03-26T18:15:45.128Z] Mar 26, 2026 3:15:45 PM io.gapi.emulators.netty.HttpVersionRoutingHandler channelRead
INFO: Detected non-HTTP/2 connection.
 {"metadata":{"emulator":{"name":"firestore"},"message":"Mar 26, 2026 3:15:45 PM io.gapi.emulators.netty.HttpVersionRoutingHandler channelRead\nINFO: Detected non-HTTP/2 connection.\n"}}
[debug] [2026-03-26T18:15:46.581Z] Mar 26, 2026 3:15:46 PM io.gapi.emulators.netty.HttpVersionRoutingHandler channelRead
INFO: Detected non-HTTP/2 connection.
 {"metadata":{"emulator":{"name":"firestore"},"message":"Mar 26, 2026 3:15:46 PM io.gapi.emulators.netty.HttpVersionRoutingHandler channelRead\nINFO: Detected non-HTTP/2 connection.\n"}}
[debug] [2026-03-26T18:15:49.672Z] Mar 26, 2026 3:15:49 PM io.gapi.emulators.netty.HttpVersionRoutingHandler channelRead
INFO: Detected non-HTTP/2 connection.
 {"metadata":{"emulator":{"name":"firestore"},"message":"Mar 26, 2026 3:15:49 PM io.gapi.emulators.netty.HttpVersionRoutingHandler channelRead\nINFO: Detected non-HTTP/2 connection.\n"}}
[debug] [2026-03-26T18:15:49.724Z] Mar 26, 2026 3:15:49 PM io.gapi.emulators.netty.HttpVersionRoutingHandler channelRead
INFO: Detected non-HTTP/2 connection.
 {"metadata":{"emulator":{"name":"firestore"},"message":"Mar 26, 2026 3:15:49 PM io.gapi.emulators.netty.HttpVersionRoutingHandler channelRead\nINFO: Detected non-HTTP/2 connection.\n"}}
[debug] [2026-03-26T18:15:50.132Z] Mar 26, 2026 3:15:50 PM io.gapi.emulators.netty.HttpVersionRoutingHandler channelRead
INFO: Detected non-HTTP/2 connection.
 {"metadata":{"emulator":{"name":"firestore"},"message":"Mar 26, 2026 3:15:50 PM io.gapi.emulators.netty.HttpVersionRoutingHandler channelRead\nINFO: Detected non-HTTP/2 connection.\n"}}
[debug] [2026-03-26T18:15:50.191Z] Mar 26, 2026 3:15:50 PM io.gapi.emulators.netty.HttpVersionRoutingHandler channelRead
INFO: Detected non-HTTP/2 connection.
 {"metadata":{"emulator":{"name":"firestore"},"message":"Mar 26, 2026 3:15:50 PM io.gapi.emulators.netty.HttpVersionRoutingHandler channelRead\nINFO: Detected non-HTTP/2 connection.\n"}}
[debug] [2026-03-26T18:15:53.243Z] Mar 26, 2026 3:15:53 PM io.gapi.emulators.netty.HttpVersionRoutingHandler channelRead
INFO: Detected non-HTTP/2 connection.
 {"metadata":{"emulator":{"name":"firestore"},"message":"Mar 26, 2026 3:15:53 PM io.gapi.emulators.netty.HttpVersionRoutingHandler channelRead\nINFO: Detected non-HTTP/2 connection.\n"}}
[debug] [2026-03-26T18:15:59.088Z] Mar 26, 2026 3:15:59 PM io.gapi.emulators.netty.HttpVersionRoutingHandler channelRead
INFO: Detected non-HTTP/2 connection.
 {"metadata":{"emulator":{"name":"firestore"},"message":"Mar 26, 2026 3:15:59 PM io.gapi.emulators.netty.HttpVersionRoutingHandler channelRead\nINFO: Detected non-HTTP/2 connection.\n"}}
[debug] [2026-03-26T18:15:59.095Z] Mar 26, 2026 3:15:59 PM com.google.cloud.datastore.emulator.firestore.webchannel.FirestoreV1WebChannelAdapter$FirestoreListenHandler onClose
INFO: channel closed
 {"metadata":{"emulator":{"name":"firestore"},"message":"Mar 26, 2026 3:15:59 PM com.google.cloud.datastore.emulator.firestore.webchannel.FirestoreV1WebChannelAdapter$FirestoreListenHandler onClose\nINFO: channel closed\n"}}
[debug] [2026-03-26T18:16:01.267Z] [work-queue] {"queuedWork":["/projeto-nexus-62ebb/southamerica-east1/healthCheck-2026-03-26T18:16:01.267Z"],"queueLength":1,"runningWork":[],"workRunningCount":0}
[debug] [2026-03-26T18:16:01.267Z] [work-queue] {"queuedWork":[],"queueLength":0,"runningWork":["/projeto-nexus-62ebb/southamerica-east1/healthCheck-2026-03-26T18:16:01.267Z"],"workRunningCount":1}
[debug] [2026-03-26T18:16:01.267Z] Accepted request OPTIONS /projeto-nexus-62ebb/southamerica-east1/healthCheck --> southamerica-east1-healthCheck
[debug] [2026-03-26T18:16:01.269Z] [functions] Runtime ready! Sending request! {"metadata":{"emulator":{"name":"functions"},"message":"[functions] Runtime ready! Sending request!"}}
[debug] [2026-03-26T18:16:01.269Z] [functions] Got req.url=/projeto-nexus-62ebb/southamerica-east1/healthCheck, mapping to path=/ {"metadata":{"emulator":{"name":"functions"},"message":"[functions] Got req.url=/projeto-nexus-62ebb/southamerica-east1/healthCheck, mapping to path=/"}}
[debug] [2026-03-26T18:16:01.269Z] [worker-pool] submitRequest(triggerId=southamerica-east1-healthCheck) {"metadata":{"emulator":{"name":"functions"},"message":"[worker-pool] submitRequest(triggerId=southamerica-east1-healthCheck)"}}
[info] i  functions: Beginning execution of "southamerica-east1-healthCheck" {"metadata":{"emulator":{"name":"functions"},"function":{"name":"southamerica-east1-healthCheck"},"extension":{},"message":"Beginning execution of \"southamerica-east1-healthCheck\""}}
[debug] [2026-03-26T18:16:01.269Z] [worker-southamerica-east1-healthCheck-989041e0-b811-4f7d-8f1a-3efe8048c713]: BUSY {"metadata":{"emulator":{"name":"functions"},"function":{"name":"southamerica-east1-healthCheck"},"extension":{},"message":"[worker-southamerica-east1-healthCheck-989041e0-b811-4f7d-8f1a-3efe8048c713]: BUSY"}}
[debug] [2026-03-26T18:16:01.271Z] Finishing up request with event=pause {"metadata":{"emulator":{"name":"functions"},"function":{"name":"southamerica-east1-healthCheck"},"extension":{},"message":"Finishing up request with event=pause"}}
[info] i  functions: Finished "southamerica-east1-healthCheck" in 2.27295ms {"metadata":{"emulator":{"name":"functions"},"function":{"name":"southamerica-east1-healthCheck"},"extension":{},"message":"Finished \"southamerica-east1-healthCheck\" in 2.27295ms"}}
[debug] [2026-03-26T18:16:01.272Z] [worker-southamerica-east1-healthCheck-989041e0-b811-4f7d-8f1a-3efe8048c713]: IDLE {"metadata":{"emulator":{"name":"functions"},"function":{"name":"southamerica-east1-healthCheck"},"extension":{},"message":"[worker-southamerica-east1-healthCheck-989041e0-b811-4f7d-8f1a-3efe8048c713]: IDLE"}}
[debug] [2026-03-26T18:16:01.272Z] Finishing up request with event=finish {"metadata":{"emulator":{"name":"functions"},"function":{"name":"southamerica-east1-healthCheck"},"extension":{},"message":"Finishing up request with event=finish"}}
[debug] [2026-03-26T18:16:01.272Z] Finishing up request with event=close {"metadata":{"emulator":{"name":"functions"},"function":{"name":"southamerica-east1-healthCheck"},"extension":{},"message":"Finishing up request with event=close"}}
[debug] [2026-03-26T18:16:01.272Z] [work-queue] {"queuedWork":[],"queueLength":0,"runningWork":[],"workRunningCount":0}
[debug] [2026-03-26T18:16:01.272Z] [work-queue] {"queuedWork":["/projeto-nexus-62ebb/southamerica-east1/healthCheck-2026-03-26T18:16:01.272Z"],"queueLength":1,"runningWork":[],"workRunningCount":0}
[debug] [2026-03-26T18:16:01.272Z] [work-queue] {"queuedWork":[],"queueLength":0,"runningWork":["/projeto-nexus-62ebb/southamerica-east1/healthCheck-2026-03-26T18:16:01.272Z"],"workRunningCount":1}
[debug] [2026-03-26T18:16:01.273Z] Accepted request GET /projeto-nexus-62ebb/southamerica-east1/healthCheck --> southamerica-east1-healthCheck
[debug] [2026-03-26T18:16:01.274Z] [functions] Runtime ready! Sending request! {"metadata":{"emulator":{"name":"functions"},"message":"[functions] Runtime ready! Sending request!"}}
[debug] [2026-03-26T18:16:01.274Z] [functions] Got req.url=/projeto-nexus-62ebb/southamerica-east1/healthCheck, mapping to path=/ {"metadata":{"emulator":{"name":"functions"},"message":"[functions] Got req.url=/projeto-nexus-62ebb/southamerica-east1/healthCheck, mapping to path=/"}}
[debug] [2026-03-26T18:16:01.274Z] [worker-pool] submitRequest(triggerId=southamerica-east1-healthCheck) {"metadata":{"emulator":{"name":"functions"},"message":"[worker-pool] submitRequest(triggerId=southamerica-east1-healthCheck)"}}
[info] i  functions: Beginning execution of "southamerica-east1-healthCheck" {"metadata":{"emulator":{"name":"functions"},"function":{"name":"southamerica-east1-healthCheck"},"extension":{},"message":"Beginning execution of \"southamerica-east1-healthCheck\""}}
[debug] [2026-03-26T18:16:01.275Z] [worker-southamerica-east1-healthCheck-989041e0-b811-4f7d-8f1a-3efe8048c713]: BUSY {"metadata":{"emulator":{"name":"functions"},"function":{"name":"southamerica-east1-healthCheck"},"extension":{},"message":"[worker-southamerica-east1-healthCheck-989041e0-b811-4f7d-8f1a-3efe8048c713]: BUSY"}}
[debug] [2026-03-26T18:16:01.277Z] Finishing up request with event=pause {"metadata":{"emulator":{"name":"functions"},"function":{"name":"southamerica-east1-healthCheck"},"extension":{},"message":"Finishing up request with event=pause"}}
[info] i  functions: Finished "southamerica-east1-healthCheck" in 2.605359ms {"metadata":{"emulator":{"name":"functions"},"function":{"name":"southamerica-east1-healthCheck"},"extension":{},"message":"Finished \"southamerica-east1-healthCheck\" in 2.605359ms"}}
[debug] [2026-03-26T18:16:01.278Z] [worker-southamerica-east1-healthCheck-989041e0-b811-4f7d-8f1a-3efe8048c713]: IDLE {"metadata":{"emulator":{"name":"functions"},"function":{"name":"southamerica-east1-healthCheck"},"extension":{},"message":"[worker-southamerica-east1-healthCheck-989041e0-b811-4f7d-8f1a-3efe8048c713]: IDLE"}}
[debug] [2026-03-26T18:16:01.278Z] Finishing up request with event=finish {"metadata":{"emulator":{"name":"functions"},"function":{"name":"southamerica-east1-healthCheck"},"extension":{},"message":"Finishing up request with event=finish"}}
[debug] [2026-03-26T18:16:01.278Z] Finishing up request with event=close {"metadata":{"emulator":{"name":"functions"},"function":{"name":"southamerica-east1-healthCheck"},"extension":{},"message":"Finishing up request with event=close"}}
[debug] [2026-03-26T18:16:01.278Z] [work-queue] {"queuedWork":[],"queueLength":0,"runningWork":[],"workRunningCount":0}
[debug] [2026-03-26T18:16:01.284Z] [work-queue] {"queuedWork":["/projeto-nexus-62ebb/southamerica-east1/sendPushNotification-2026-03-26T18:16:01.284Z"],"queueLength":1,"runningWork":[],"workRunningCount":0}
[debug] [2026-03-26T18:16:01.284Z] [work-queue] {"queuedWork":[],"queueLength":0,"runningWork":["/projeto-nexus-62ebb/southamerica-east1/sendPushNotification-2026-03-26T18:16:01.284Z"],"workRunningCount":1}
[debug] [2026-03-26T18:16:01.284Z] Accepted request OPTIONS /projeto-nexus-62ebb/southamerica-east1/sendPushNotification --> southamerica-east1-sendPushNotification
[debug] [2026-03-26T18:16:01.286Z] [functions] Runtime ready! Sending request! {"metadata":{"emulator":{"name":"functions"},"message":"[functions] Runtime ready! Sending request!"}}
[debug] [2026-03-26T18:16:01.286Z] [functions] Got req.url=/projeto-nexus-62ebb/southamerica-east1/sendPushNotification, mapping to path=/ {"metadata":{"emulator":{"name":"functions"},"message":"[functions] Got req.url=/projeto-nexus-62ebb/southamerica-east1/sendPushNotification, mapping to path=/"}}
[debug] [2026-03-26T18:16:01.286Z] [worker-pool] submitRequest(triggerId=southamerica-east1-sendPushNotification) {"metadata":{"emulator":{"name":"functions"},"message":"[worker-pool] submitRequest(triggerId=southamerica-east1-sendPushNotification)"}}
[info] i  functions: Beginning execution of "southamerica-east1-sendPushNotification" {"metadata":{"emulator":{"name":"functions"},"function":{"name":"southamerica-east1-sendPushNotification"},"extension":{},"message":"Beginning execution of \"southamerica-east1-sendPushNotification\""}}
[debug] [2026-03-26T18:16:01.286Z] [worker-southamerica-east1-sendPushNotification-c3edae93-5915-4336-8a4b-74dc9dc28549]: BUSY {"metadata":{"emulator":{"name":"functions"},"function":{"name":"southamerica-east1-sendPushNotification"},"extension":{},"message":"[worker-southamerica-east1-sendPushNotification-c3edae93-5915-4336-8a4b-74dc9dc28549]: BUSY"}}
[debug] [2026-03-26T18:16:01.289Z] Finishing up request with event=pause {"metadata":{"emulator":{"name":"functions"},"function":{"name":"southamerica-east1-sendPushNotification"},"extension":{},"message":"Finishing up request with event=pause"}}
[info] i  functions: Finished "southamerica-east1-sendPushNotification" in 2.684148ms {"metadata":{"emulator":{"name":"functions"},"function":{"name":"southamerica-east1-sendPushNotification"},"extension":{},"message":"Finished \"southamerica-east1-sendPushNotification\" in 2.684148ms"}}
[debug] [2026-03-26T18:16:01.289Z] [worker-southamerica-east1-sendPushNotification-c3edae93-5915-4336-8a4b-74dc9dc28549]: IDLE {"metadata":{"emulator":{"name":"functions"},"function":{"name":"southamerica-east1-sendPushNotification"},"extension":{},"message":"[worker-southamerica-east1-sendPushNotification-c3edae93-5915-4336-8a4b-74dc9dc28549]: IDLE"}}
[debug] [2026-03-26T18:16:01.290Z] Finishing up request with event=finish {"metadata":{"emulator":{"name":"functions"},"function":{"name":"southamerica-east1-sendPushNotification"},"extension":{},"message":"Finishing up request with event=finish"}}
[debug] [2026-03-26T18:16:01.290Z] Finishing up request with event=close {"metadata":{"emulator":{"name":"functions"},"function":{"name":"southamerica-east1-sendPushNotification"},"extension":{},"message":"Finishing up request with event=close"}}
[debug] [2026-03-26T18:16:01.290Z] [work-queue] {"queuedWork":[],"queueLength":0,"runningWork":[],"workRunningCount":0}
[debug] [2026-03-26T18:16:01.290Z] [work-queue] {"queuedWork":["/projeto-nexus-62ebb/southamerica-east1/sendPushNotification-2026-03-26T18:16:01.290Z"],"queueLength":1,"runningWork":[],"workRunningCount":0}
[debug] [2026-03-26T18:16:01.290Z] [work-queue] {"queuedWork":[],"queueLength":0,"runningWork":["/projeto-nexus-62ebb/southamerica-east1/sendPushNotification-2026-03-26T18:16:01.290Z"],"workRunningCount":1}
[debug] [2026-03-26T18:16:01.290Z] Accepted request POST /projeto-nexus-62ebb/southamerica-east1/sendPushNotification --> southamerica-east1-sendPushNotification
[debug] [2026-03-26T18:16:01.293Z] [functions] Runtime ready! Sending request! {"metadata":{"emulator":{"name":"functions"},"message":"[functions] Runtime ready! Sending request!"}}
[debug] [2026-03-26T18:16:01.295Z] [functions] Got req.url=/projeto-nexus-62ebb/southamerica-east1/sendPushNotification, mapping to path=/ {"metadata":{"emulator":{"name":"functions"},"message":"[functions] Got req.url=/projeto-nexus-62ebb/southamerica-east1/sendPushNotification, mapping to path=/"}}
[debug] [2026-03-26T18:16:01.295Z] [worker-pool] submitRequest(triggerId=southamerica-east1-sendPushNotification) {"metadata":{"emulator":{"name":"functions"},"message":"[worker-pool] submitRequest(triggerId=southamerica-east1-sendPushNotification)"}}
[info] i  functions: Beginning execution of "southamerica-east1-sendPushNotification" {"metadata":{"emulator":{"name":"functions"},"function":{"name":"southamerica-east1-sendPushNotification"},"extension":{},"message":"Beginning execution of \"southamerica-east1-sendPushNotification\""}}
[debug] [2026-03-26T18:16:01.295Z] [worker-southamerica-east1-sendPushNotification-c3edae93-5915-4336-8a4b-74dc9dc28549]: BUSY {"metadata":{"emulator":{"name":"functions"},"function":{"name":"southamerica-east1-sendPushNotification"},"extension":{},"message":"[worker-southamerica-east1-sendPushNotification-c3edae93-5915-4336-8a4b-74dc9dc28549]: BUSY"}}
[debug] [2026-03-26T18:16:01.309Z] Finishing up request with event=pause {"metadata":{"emulator":{"name":"functions"},"function":{"name":"southamerica-east1-sendPushNotification"},"extension":{},"message":"Finishing up request with event=pause"}}
[info] i  functions: Finished "southamerica-east1-sendPushNotification" in 13.859288ms {"metadata":{"emulator":{"name":"functions"},"function":{"name":"southamerica-east1-sendPushNotification"},"extension":{},"message":"Finished \"southamerica-east1-sendPushNotification\" in 13.859288ms"}}
[debug] [2026-03-26T18:16:01.310Z] [worker-southamerica-east1-sendPushNotification-c3edae93-5915-4336-8a4b-74dc9dc28549]: IDLE {"metadata":{"emulator":{"name":"functions"},"function":{"name":"southamerica-east1-sendPushNotification"},"extension":{},"message":"[worker-southamerica-east1-sendPushNotification-c3edae93-5915-4336-8a4b-74dc9dc28549]: IDLE"}}
[debug] [2026-03-26T18:16:01.310Z] Finishing up request with event=finish {"metadata":{"emulator":{"name":"functions"},"function":{"name":"southamerica-east1-sendPushNotification"},"extension":{},"message":"Finishing up request with event=finish"}}
[debug] [2026-03-26T18:16:01.310Z] Finishing up request with event=close {"metadata":{"emulator":{"name":"functions"},"function":{"name":"southamerica-east1-sendPushNotification"},"extension":{},"message":"Finishing up request with event=close"}}
[debug] [2026-03-26T18:16:01.310Z] [work-queue] {"queuedWork":[],"queueLength":0,"runningWork":[],"workRunningCount":0}
[debug] [2026-03-26T18:16:01.340Z] Mar 26, 2026 3:16:01 PM io.gapi.emulators.netty.HttpVersionRoutingHandler channelRead
INFO: Detected non-HTTP/2 connection.
 {"metadata":{"emulator":{"name":"firestore"},"message":"Mar 26, 2026 3:16:01 PM io.gapi.emulators.netty.HttpVersionRoutingHandler channelRead\nINFO: Detected non-HTTP/2 connection.\n"}}
[debug] [2026-03-26T18:16:06.346Z] [work-queue] {"queuedWork":["/projeto-nexus-62ebb/southamerica-east1/healthCheck-2026-03-26T18:16:06.346Z"],"queueLength":1,"runningWork":[],"workRunningCount":0}
[debug] [2026-03-26T18:16:06.346Z] [work-queue] {"queuedWork":[],"queueLength":0,"runningWork":["/projeto-nexus-62ebb/southamerica-east1/healthCheck-2026-03-26T18:16:06.346Z"],"workRunningCount":1}
[debug] [2026-03-26T18:16:06.346Z] Accepted request OPTIONS /projeto-nexus-62ebb/southamerica-east1/healthCheck --> southamerica-east1-healthCheck
[debug] [2026-03-26T18:16:06.346Z] [functions] Runtime ready! Sending request! {"metadata":{"emulator":{"name":"functions"},"message":"[functions] Runtime ready! Sending request!"}}
[debug] [2026-03-26T18:16:06.346Z] [functions] Got req.url=/projeto-nexus-62ebb/southamerica-east1/healthCheck, mapping to path=/ {"metadata":{"emulator":{"name":"functions"},"message":"[functions] Got req.url=/projeto-nexus-62ebb/southamerica-east1/healthCheck, mapping to path=/"}}
[debug] [2026-03-26T18:16:06.346Z] [worker-pool] submitRequest(triggerId=southamerica-east1-healthCheck) {"metadata":{"emulator":{"name":"functions"},"message":"[worker-pool] submitRequest(triggerId=southamerica-east1-healthCheck)"}}
[info] i  functions: Beginning execution of "southamerica-east1-healthCheck" {"metadata":{"emulator":{"name":"functions"},"function":{"name":"southamerica-east1-healthCheck"},"extension":{},"message":"Beginning execution of \"southamerica-east1-healthCheck\""}}
[debug] [2026-03-26T18:16:06.347Z] [worker-southamerica-east1-healthCheck-989041e0-b811-4f7d-8f1a-3efe8048c713]: BUSY {"metadata":{"emulator":{"name":"functions"},"function":{"name":"southamerica-east1-healthCheck"},"extension":{},"message":"[worker-southamerica-east1-healthCheck-989041e0-b811-4f7d-8f1a-3efe8048c713]: BUSY"}}
[debug] [2026-03-26T18:16:06.352Z] Finishing up request with event=pause {"metadata":{"emulator":{"name":"functions"},"function":{"name":"southamerica-east1-healthCheck"},"extension":{},"message":"Finishing up request with event=pause"}}
[info] i  functions: Finished "southamerica-east1-healthCheck" in 6.299468ms {"metadata":{"emulator":{"name":"functions"},"function":{"name":"southamerica-east1-healthCheck"},"extension":{},"message":"Finished \"southamerica-east1-healthCheck\" in 6.299468ms"}}
[debug] [2026-03-26T18:16:06.353Z] [worker-southamerica-east1-healthCheck-989041e0-b811-4f7d-8f1a-3efe8048c713]: IDLE {"metadata":{"emulator":{"name":"functions"},"function":{"name":"southamerica-east1-healthCheck"},"extension":{},"message":"[worker-southamerica-east1-healthCheck-989041e0-b811-4f7d-8f1a-3efe8048c713]: IDLE"}}
[debug] [2026-03-26T18:16:06.354Z] Finishing up request with event=finish {"metadata":{"emulator":{"name":"functions"},"function":{"name":"southamerica-east1-healthCheck"},"extension":{},"message":"Finishing up request with event=finish"}}
[debug] [2026-03-26T18:16:06.354Z] Finishing up request with event=close {"metadata":{"emulator":{"name":"functions"},"function":{"name":"southamerica-east1-healthCheck"},"extension":{},"message":"Finishing up request with event=close"}}
[debug] [2026-03-26T18:16:06.354Z] [work-queue] {"queuedWork":[],"queueLength":0,"runningWork":[],"workRunningCount":0}
[debug] [2026-03-26T18:16:06.354Z] [work-queue] {"queuedWork":["/projeto-nexus-62ebb/southamerica-east1/healthCheck-2026-03-26T18:16:06.354Z"],"queueLength":1,"runningWork":[],"workRunningCount":0}
[debug] [2026-03-26T18:16:06.355Z] [work-queue] {"queuedWork":[],"queueLength":0,"runningWork":["/projeto-nexus-62ebb/southamerica-east1/healthCheck-2026-03-26T18:16:06.354Z"],"workRunningCount":1}
[debug] [2026-03-26T18:16:06.355Z] Accepted request GET /projeto-nexus-62ebb/southamerica-east1/healthCheck --> southamerica-east1-healthCheck
[debug] [2026-03-26T18:16:06.355Z] [functions] Runtime ready! Sending request! {"metadata":{"emulator":{"name":"functions"},"message":"[functions] Runtime ready! Sending request!"}}
[debug] [2026-03-26T18:16:06.355Z] [functions] Got req.url=/projeto-nexus-62ebb/southamerica-east1/healthCheck, mapping to path=/ {"metadata":{"emulator":{"name":"functions"},"message":"[functions] Got req.url=/projeto-nexus-62ebb/southamerica-east1/healthCheck, mapping to path=/"}}
[debug] [2026-03-26T18:16:06.355Z] [worker-pool] submitRequest(triggerId=southamerica-east1-healthCheck) {"metadata":{"emulator":{"name":"functions"},"message":"[worker-pool] submitRequest(triggerId=southamerica-east1-healthCheck)"}}
[info] i  functions: Beginning execution of "southamerica-east1-healthCheck" {"metadata":{"emulator":{"name":"functions"},"function":{"name":"southamerica-east1-healthCheck"},"extension":{},"message":"Beginning execution of \"southamerica-east1-healthCheck\""}}
[debug] [2026-03-26T18:16:06.355Z] [worker-southamerica-east1-healthCheck-989041e0-b811-4f7d-8f1a-3efe8048c713]: BUSY {"metadata":{"emulator":{"name":"functions"},"function":{"name":"southamerica-east1-healthCheck"},"extension":{},"message":"[worker-southamerica-east1-healthCheck-989041e0-b811-4f7d-8f1a-3efe8048c713]: BUSY"}}
[debug] [2026-03-26T18:16:06.357Z] Finishing up request with event=pause {"metadata":{"emulator":{"name":"functions"},"function":{"name":"southamerica-east1-healthCheck"},"extension":{},"message":"Finishing up request with event=pause"}}
[info] i  functions: Finished "southamerica-east1-healthCheck" in 2.027385ms {"metadata":{"emulator":{"name":"functions"},"function":{"name":"southamerica-east1-healthCheck"},"extension":{},"message":"Finished \"southamerica-east1-healthCheck\" in 2.027385ms"}}
[debug] [2026-03-26T18:16:06.358Z] [worker-southamerica-east1-healthCheck-989041e0-b811-4f7d-8f1a-3efe8048c713]: IDLE {"metadata":{"emulator":{"name":"functions"},"function":{"name":"southamerica-east1-healthCheck"},"extension":{},"message":"[worker-southamerica-east1-healthCheck-989041e0-b811-4f7d-8f1a-3efe8048c713]: IDLE"}}
[debug] [2026-03-26T18:16:06.358Z] Finishing up request with event=finish {"metadata":{"emulator":{"name":"functions"},"function":{"name":"southamerica-east1-healthCheck"},"extension":{},"message":"Finishing up request with event=finish"}}
[debug] [2026-03-26T18:16:06.358Z] Finishing up request with event=close {"metadata":{"emulator":{"name":"functions"},"function":{"name":"southamerica-east1-healthCheck"},"extension":{},"message":"Finishing up request with event=close"}}
[debug] [2026-03-26T18:16:06.358Z] [work-queue] {"queuedWork":[],"queueLength":0,"runningWork":[],"workRunningCount":0}
[debug] [2026-03-26T18:16:06.363Z] [work-queue] {"queuedWork":["/projeto-nexus-62ebb/southamerica-east1/sendPushNotification-2026-03-26T18:16:06.363Z"],"queueLength":1,"runningWork":[],"workRunningCount":0}
[debug] [2026-03-26T18:16:06.363Z] [work-queue] {"queuedWork":[],"queueLength":0,"runningWork":["/projeto-nexus-62ebb/southamerica-east1/sendPushNotification-2026-03-26T18:16:06.363Z"],"workRunningCount":1}
[debug] [2026-03-26T18:16:06.363Z] Accepted request OPTIONS /projeto-nexus-62ebb/southamerica-east1/sendPushNotification --> southamerica-east1-sendPushNotification
[debug] [2026-03-26T18:16:06.364Z] [functions] Runtime ready! Sending request! {"metadata":{"emulator":{"name":"functions"},"message":"[functions] Runtime ready! Sending request!"}}
[debug] [2026-03-26T18:16:06.364Z] [functions] Got req.url=/projeto-nexus-62ebb/southamerica-east1/sendPushNotification, mapping to path=/ {"metadata":{"emulator":{"name":"functions"},"message":"[functions] Got req.url=/projeto-nexus-62ebb/southamerica-east1/sendPushNotification, mapping to path=/"}}
[debug] [2026-03-26T18:16:06.364Z] [worker-pool] submitRequest(triggerId=southamerica-east1-sendPushNotification) {"metadata":{"emulator":{"name":"functions"},"message":"[worker-pool] submitRequest(triggerId=southamerica-east1-sendPushNotification)"}}
[info] i  functions: Beginning execution of "southamerica-east1-sendPushNotification" {"metadata":{"emulator":{"name":"functions"},"function":{"name":"southamerica-east1-sendPushNotification"},"extension":{},"message":"Beginning execution of \"southamerica-east1-sendPushNotification\""}}
[debug] [2026-03-26T18:16:06.364Z] [worker-southamerica-east1-sendPushNotification-c3edae93-5915-4336-8a4b-74dc9dc28549]: BUSY {"metadata":{"emulator":{"name":"functions"},"function":{"name":"southamerica-east1-sendPushNotification"},"extension":{},"message":"[worker-southamerica-east1-sendPushNotification-c3edae93-5915-4336-8a4b-74dc9dc28549]: BUSY"}}
[debug] [2026-03-26T18:16:06.368Z] Finishing up request with event=pause {"metadata":{"emulator":{"name":"functions"},"function":{"name":"southamerica-east1-sendPushNotification"},"extension":{},"message":"Finishing up request with event=pause"}}
[info] i  functions: Finished "southamerica-east1-sendPushNotification" in 4.012521ms {"metadata":{"emulator":{"name":"functions"},"function":{"name":"southamerica-east1-sendPushNotification"},"extension":{},"message":"Finished \"southamerica-east1-sendPushNotification\" in 4.012521ms"}}
[debug] [2026-03-26T18:16:06.369Z] [worker-southamerica-east1-sendPushNotification-c3edae93-5915-4336-8a4b-74dc9dc28549]: IDLE {"metadata":{"emulator":{"name":"functions"},"function":{"name":"southamerica-east1-sendPushNotification"},"extension":{},"message":"[worker-southamerica-east1-sendPushNotification-c3edae93-5915-4336-8a4b-74dc9dc28549]: IDLE"}}
[debug] [2026-03-26T18:16:06.369Z] Finishing up request with event=finish {"metadata":{"emulator":{"name":"functions"},"function":{"name":"southamerica-east1-sendPushNotification"},"extension":{},"message":"Finishing up request with event=finish"}}
[debug] [2026-03-26T18:16:06.369Z] Finishing up request with event=close {"metadata":{"emulator":{"name":"functions"},"function":{"name":"southamerica-east1-sendPushNotification"},"extension":{},"message":"Finishing up request with event=close"}}
[debug] [2026-03-26T18:16:06.369Z] [work-queue] {"queuedWork":[],"queueLength":0,"runningWork":[],"workRunningCount":0}
[debug] [2026-03-26T18:16:06.371Z] [work-queue] {"queuedWork":["/projeto-nexus-62ebb/southamerica-east1/sendPushNotification-2026-03-26T18:16:06.371Z"],"queueLength":1,"runningWork":[],"workRunningCount":0}
[debug] [2026-03-26T18:16:06.371Z] [work-queue] {"queuedWork":[],"queueLength":0,"runningWork":["/projeto-nexus-62ebb/southamerica-east1/sendPushNotification-2026-03-26T18:16:06.371Z"],"workRunningCount":1}
[debug] [2026-03-26T18:16:06.371Z] Accepted request POST /projeto-nexus-62ebb/southamerica-east1/sendPushNotification --> southamerica-east1-sendPushNotification
[debug] [2026-03-26T18:16:06.372Z] [functions] Runtime ready! Sending request! {"metadata":{"emulator":{"name":"functions"},"message":"[functions] Runtime ready! Sending request!"}}
[debug] [2026-03-26T18:16:06.372Z] [functions] Got req.url=/projeto-nexus-62ebb/southamerica-east1/sendPushNotification, mapping to path=/ {"metadata":{"emulator":{"name":"functions"},"message":"[functions] Got req.url=/projeto-nexus-62ebb/southamerica-east1/sendPushNotification, mapping to path=/"}}
[debug] [2026-03-26T18:16:06.372Z] [worker-pool] submitRequest(triggerId=southamerica-east1-sendPushNotification) {"metadata":{"emulator":{"name":"functions"},"message":"[worker-pool] submitRequest(triggerId=southamerica-east1-sendPushNotification)"}}
[info] i  functions: Beginning execution of "southamerica-east1-sendPushNotification" {"metadata":{"emulator":{"name":"functions"},"function":{"name":"southamerica-east1-sendPushNotification"},"extension":{},"message":"Beginning execution of \"southamerica-east1-sendPushNotification\""}}
[debug] [2026-03-26T18:16:06.373Z] [worker-southamerica-east1-sendPushNotification-c3edae93-5915-4336-8a4b-74dc9dc28549]: BUSY {"metadata":{"emulator":{"name":"functions"},"function":{"name":"southamerica-east1-sendPushNotification"},"extension":{},"message":"[worker-southamerica-east1-sendPushNotification-c3edae93-5915-4336-8a4b-74dc9dc28549]: BUSY"}}
[debug] [2026-03-26T18:16:06.381Z] Finishing up request with event=pause {"metadata":{"emulator":{"name":"functions"},"function":{"name":"southamerica-east1-sendPushNotification"},"extension":{},"message":"Finishing up request with event=pause"}}
[info] i  functions: Finished "southamerica-east1-sendPushNotification" in 8.331672ms {"metadata":{"emulator":{"name":"functions"},"function":{"name":"southamerica-east1-sendPushNotification"},"extension":{},"message":"Finished \"southamerica-east1-sendPushNotification\" in 8.331672ms"}}
[debug] [2026-03-26T18:16:06.381Z] [worker-southamerica-east1-sendPushNotification-c3edae93-5915-4336-8a4b-74dc9dc28549]: IDLE {"metadata":{"emulator":{"name":"functions"},"function":{"name":"southamerica-east1-sendPushNotification"},"extension":{},"message":"[worker-southamerica-east1-sendPushNotification-c3edae93-5915-4336-8a4b-74dc9dc28549]: IDLE"}}
[debug] [2026-03-26T18:16:06.381Z] Finishing up request with event=finish {"metadata":{"emulator":{"name":"functions"},"function":{"name":"southamerica-east1-sendPushNotification"},"extension":{},"message":"Finishing up request with event=finish"}}
[debug] [2026-03-26T18:16:06.382Z] Finishing up request with event=close {"metadata":{"emulator":{"name":"functions"},"function":{"name":"southamerica-east1-sendPushNotification"},"extension":{},"message":"Finishing up request with event=close"}}
[debug] [2026-03-26T18:16:06.382Z] [work-queue] {"queuedWork":[],"queueLength":0,"runningWork":[],"workRunningCount":0}
[debug] [2026-03-26T18:16:06.401Z] Mar 26, 2026 3:16:06 PM io.gapi.emulators.netty.HttpVersionRoutingHandler channelRead
INFO: Detected non-HTTP/2 connection.
 {"metadata":{"emulator":{"name":"firestore"},"message":"Mar 26, 2026 3:16:06 PM io.gapi.emulators.netty.HttpVersionRoutingHandler channelRead\nINFO: Detected non-HTTP/2 connection.\n"}}
[debug] [2026-03-26T18:16:06.445Z] Mar 26, 2026 3:16:06 PM io.gapi.emulators.netty.HttpVersionRoutingHandler channelRead
INFO: Detected non-HTTP/2 connection.
 {"metadata":{"emulator":{"name":"firestore"},"message":"Mar 26, 2026 3:16:06 PM io.gapi.emulators.netty.HttpVersionRoutingHandler channelRead\nINFO: Detected non-HTTP/2 connection.\n"}}
[debug] [2026-03-26T18:16:14.588Z] [work-queue] {"queuedWork":["/projeto-nexus-62ebb/southamerica-east1/healthCheck-2026-03-26T18:16:14.588Z"],"queueLength":1,"runningWork":[],"workRunningCount":0}
[debug] [2026-03-26T18:16:14.588Z] [work-queue] {"queuedWork":[],"queueLength":0,"runningWork":["/projeto-nexus-62ebb/southamerica-east1/healthCheck-2026-03-26T18:16:14.588Z"],"workRunningCount":1}
[debug] [2026-03-26T18:16:14.588Z] Accepted request OPTIONS /projeto-nexus-62ebb/southamerica-east1/healthCheck --> southamerica-east1-healthCheck
[debug] [2026-03-26T18:16:14.590Z] [functions] Runtime ready! Sending request! {"metadata":{"emulator":{"name":"functions"},"message":"[functions] Runtime ready! Sending request!"}}
[debug] [2026-03-26T18:16:14.590Z] [functions] Got req.url=/projeto-nexus-62ebb/southamerica-east1/healthCheck, mapping to path=/ {"metadata":{"emulator":{"name":"functions"},"message":"[functions] Got req.url=/projeto-nexus-62ebb/southamerica-east1/healthCheck, mapping to path=/"}}
[debug] [2026-03-26T18:16:14.590Z] [worker-pool] submitRequest(triggerId=southamerica-east1-healthCheck) {"metadata":{"emulator":{"name":"functions"},"message":"[worker-pool] submitRequest(triggerId=southamerica-east1-healthCheck)"}}
[info] i  functions: Beginning execution of "southamerica-east1-healthCheck" {"metadata":{"emulator":{"name":"functions"},"function":{"name":"southamerica-east1-healthCheck"},"extension":{},"message":"Beginning execution of \"southamerica-east1-healthCheck\""}}
[debug] [2026-03-26T18:16:14.590Z] [worker-southamerica-east1-healthCheck-989041e0-b811-4f7d-8f1a-3efe8048c713]: BUSY {"metadata":{"emulator":{"name":"functions"},"function":{"name":"southamerica-east1-healthCheck"},"extension":{},"message":"[worker-southamerica-east1-healthCheck-989041e0-b811-4f7d-8f1a-3efe8048c713]: BUSY"}}
[debug] [2026-03-26T18:16:14.593Z] Finishing up request with event=pause {"metadata":{"emulator":{"name":"functions"},"function":{"name":"southamerica-east1-healthCheck"},"extension":{},"message":"Finishing up request with event=pause"}}
[info] i  functions: Finished "southamerica-east1-healthCheck" in 2.250377ms {"metadata":{"emulator":{"name":"functions"},"function":{"name":"southamerica-east1-healthCheck"},"extension":{},"message":"Finished \"southamerica-east1-healthCheck\" in 2.250377ms"}}
[debug] [2026-03-26T18:16:14.593Z] [worker-southamerica-east1-healthCheck-989041e0-b811-4f7d-8f1a-3efe8048c713]: IDLE {"metadata":{"emulator":{"name":"functions"},"function":{"name":"southamerica-east1-healthCheck"},"extension":{},"message":"[worker-southamerica-east1-healthCheck-989041e0-b811-4f7d-8f1a-3efe8048c713]: IDLE"}}
[debug] [2026-03-26T18:16:14.593Z] Finishing up request with event=finish {"metadata":{"emulator":{"name":"functions"},"function":{"name":"southamerica-east1-healthCheck"},"extension":{},"message":"Finishing up request with event=finish"}}
[debug] [2026-03-26T18:16:14.593Z] Finishing up request with event=close {"metadata":{"emulator":{"name":"functions"},"function":{"name":"southamerica-east1-healthCheck"},"extension":{},"message":"Finishing up request with event=close"}}
[debug] [2026-03-26T18:16:14.593Z] [work-queue] {"queuedWork":[],"queueLength":0,"runningWork":[],"workRunningCount":0}
[debug] [2026-03-26T18:16:14.594Z] [work-queue] {"queuedWork":["/projeto-nexus-62ebb/southamerica-east1/healthCheck-2026-03-26T18:16:14.593Z"],"queueLength":1,"runningWork":[],"workRunningCount":0}
[debug] [2026-03-26T18:16:14.594Z] [work-queue] {"queuedWork":[],"queueLength":0,"runningWork":["/projeto-nexus-62ebb/southamerica-east1/healthCheck-2026-03-26T18:16:14.593Z"],"workRunningCount":1}
[debug] [2026-03-26T18:16:14.594Z] Accepted request GET /projeto-nexus-62ebb/southamerica-east1/healthCheck --> southamerica-east1-healthCheck
[debug] [2026-03-26T18:16:14.595Z] [functions] Runtime ready! Sending request! {"metadata":{"emulator":{"name":"functions"},"message":"[functions] Runtime ready! Sending request!"}}
[debug] [2026-03-26T18:16:14.595Z] [functions] Got req.url=/projeto-nexus-62ebb/southamerica-east1/healthCheck, mapping to path=/ {"metadata":{"emulator":{"name":"functions"},"message":"[functions] Got req.url=/projeto-nexus-62ebb/southamerica-east1/healthCheck, mapping to path=/"}}
[debug] [2026-03-26T18:16:14.595Z] [worker-pool] submitRequest(triggerId=southamerica-east1-healthCheck) {"metadata":{"emulator":{"name":"functions"},"message":"[worker-pool] submitRequest(triggerId=southamerica-east1-healthCheck)"}}
[info] i  functions: Beginning execution of "southamerica-east1-healthCheck" {"metadata":{"emulator":{"name":"functions"},"function":{"name":"southamerica-east1-healthCheck"},"extension":{},"message":"Beginning execution of \"southamerica-east1-healthCheck\""}}
[debug] [2026-03-26T18:16:14.595Z] [worker-southamerica-east1-healthCheck-989041e0-b811-4f7d-8f1a-3efe8048c713]: BUSY {"metadata":{"emulator":{"name":"functions"},"function":{"name":"southamerica-east1-healthCheck"},"extension":{},"message":"[worker-southamerica-east1-healthCheck-989041e0-b811-4f7d-8f1a-3efe8048c713]: BUSY"}}
[debug] [2026-03-26T18:16:14.597Z] Finishing up request with event=pause {"metadata":{"emulator":{"name":"functions"},"function":{"name":"southamerica-east1-healthCheck"},"extension":{},"message":"Finishing up request with event=pause"}}
[info] i  functions: Finished "southamerica-east1-healthCheck" in 1.922748ms {"metadata":{"emulator":{"name":"functions"},"function":{"name":"southamerica-east1-healthCheck"},"extension":{},"message":"Finished \"southamerica-east1-healthCheck\" in 1.922748ms"}}
[debug] [2026-03-26T18:16:14.597Z] [worker-southamerica-east1-healthCheck-989041e0-b811-4f7d-8f1a-3efe8048c713]: IDLE {"metadata":{"emulator":{"name":"functions"},"function":{"name":"southamerica-east1-healthCheck"},"extension":{},"message":"[worker-southamerica-east1-healthCheck-989041e0-b811-4f7d-8f1a-3efe8048c713]: IDLE"}}
[debug] [2026-03-26T18:16:14.598Z] Finishing up request with event=finish {"metadata":{"emulator":{"name":"functions"},"function":{"name":"southamerica-east1-healthCheck"},"extension":{},"message":"Finishing up request with event=finish"}}
[debug] [2026-03-26T18:16:14.598Z] Finishing up request with event=close {"metadata":{"emulator":{"name":"functions"},"function":{"name":"southamerica-east1-healthCheck"},"extension":{},"message":"Finishing up request with event=close"}}
[debug] [2026-03-26T18:16:14.598Z] [work-queue] {"queuedWork":[],"queueLength":0,"runningWork":[],"workRunningCount":0}
[debug] [2026-03-26T18:16:14.606Z] [work-queue] {"queuedWork":["/projeto-nexus-62ebb/southamerica-east1/sendPushNotification-2026-03-26T18:16:14.606Z"],"queueLength":1,"runningWork":[],"workRunningCount":0}
[debug] [2026-03-26T18:16:14.606Z] [work-queue] {"queuedWork":[],"queueLength":0,"runningWork":["/projeto-nexus-62ebb/southamerica-east1/sendPushNotification-2026-03-26T18:16:14.606Z"],"workRunningCount":1}
[debug] [2026-03-26T18:16:14.606Z] Accepted request OPTIONS /projeto-nexus-62ebb/southamerica-east1/sendPushNotification --> southamerica-east1-sendPushNotification
[debug] [2026-03-26T18:16:14.609Z] [functions] Runtime ready! Sending request! {"metadata":{"emulator":{"name":"functions"},"message":"[functions] Runtime ready! Sending request!"}}
[debug] [2026-03-26T18:16:14.609Z] [functions] Got req.url=/projeto-nexus-62ebb/southamerica-east1/sendPushNotification, mapping to path=/ {"metadata":{"emulator":{"name":"functions"},"message":"[functions] Got req.url=/projeto-nexus-62ebb/southamerica-east1/sendPushNotification, mapping to path=/"}}
[debug] [2026-03-26T18:16:14.609Z] [worker-pool] submitRequest(triggerId=southamerica-east1-sendPushNotification) {"metadata":{"emulator":{"name":"functions"},"message":"[worker-pool] submitRequest(triggerId=southamerica-east1-sendPushNotification)"}}
[info] i  functions: Beginning execution of "southamerica-east1-sendPushNotification" {"metadata":{"emulator":{"name":"functions"},"function":{"name":"southamerica-east1-sendPushNotification"},"extension":{},"message":"Beginning execution of \"southamerica-east1-sendPushNotification\""}}
[debug] [2026-03-26T18:16:14.609Z] [worker-southamerica-east1-sendPushNotification-c3edae93-5915-4336-8a4b-74dc9dc28549]: BUSY {"metadata":{"emulator":{"name":"functions"},"function":{"name":"southamerica-east1-sendPushNotification"},"extension":{},"message":"[worker-southamerica-east1-sendPushNotification-c3edae93-5915-4336-8a4b-74dc9dc28549]: BUSY"}}
[debug] [2026-03-26T18:16:14.611Z] Finishing up request with event=pause {"metadata":{"emulator":{"name":"functions"},"function":{"name":"southamerica-east1-sendPushNotification"},"extension":{},"message":"Finishing up request with event=pause"}}
[info] i  functions: Finished "southamerica-east1-sendPushNotification" in 2.203229ms {"metadata":{"emulator":{"name":"functions"},"function":{"name":"southamerica-east1-sendPushNotification"},"extension":{},"message":"Finished \"southamerica-east1-sendPushNotification\" in 2.203229ms"}}
[debug] [2026-03-26T18:16:14.612Z] [worker-southamerica-east1-sendPushNotification-c3edae93-5915-4336-8a4b-74dc9dc28549]: IDLE {"metadata":{"emulator":{"name":"functions"},"function":{"name":"southamerica-east1-sendPushNotification"},"extension":{},"message":"[worker-southamerica-east1-sendPushNotification-c3edae93-5915-4336-8a4b-74dc9dc28549]: IDLE"}}
[debug] [2026-03-26T18:16:14.613Z] Finishing up request with event=finish {"metadata":{"emulator":{"name":"functions"},"function":{"name":"southamerica-east1-sendPushNotification"},"extension":{},"message":"Finishing up request with event=finish"}}
[debug] [2026-03-26T18:16:14.613Z] Finishing up request with event=close {"metadata":{"emulator":{"name":"functions"},"function":{"name":"southamerica-east1-sendPushNotification"},"extension":{},"message":"Finishing up request with event=close"}}
[debug] [2026-03-26T18:16:14.613Z] [work-queue] {"queuedWork":[],"queueLength":0,"runningWork":[],"workRunningCount":0}
[debug] [2026-03-26T18:16:14.614Z] [work-queue] {"queuedWork":["/projeto-nexus-62ebb/southamerica-east1/sendPushNotification-2026-03-26T18:16:14.614Z"],"queueLength":1,"runningWork":[],"workRunningCount":0}
[debug] [2026-03-26T18:16:14.614Z] [work-queue] {"queuedWork":[],"queueLength":0,"runningWork":["/projeto-nexus-62ebb/southamerica-east1/sendPushNotification-2026-03-26T18:16:14.614Z"],"workRunningCount":1}
[debug] [2026-03-26T18:16:14.614Z] Accepted request POST /projeto-nexus-62ebb/southamerica-east1/sendPushNotification --> southamerica-east1-sendPushNotification
[debug] [2026-03-26T18:16:14.616Z] [functions] Runtime ready! Sending request! {"metadata":{"emulator":{"name":"functions"},"message":"[functions] Runtime ready! Sending request!"}}
[debug] [2026-03-26T18:16:14.616Z] [functions] Got req.url=/projeto-nexus-62ebb/southamerica-east1/sendPushNotification, mapping to path=/ {"metadata":{"emulator":{"name":"functions"},"message":"[functions] Got req.url=/projeto-nexus-62ebb/southamerica-east1/sendPushNotification, mapping to path=/"}}
[debug] [2026-03-26T18:16:14.616Z] [worker-pool] submitRequest(triggerId=southamerica-east1-sendPushNotification) {"metadata":{"emulator":{"name":"functions"},"message":"[worker-pool] submitRequest(triggerId=southamerica-east1-sendPushNotification)"}}
[info] i  functions: Beginning execution of "southamerica-east1-sendPushNotification" {"metadata":{"emulator":{"name":"functions"},"function":{"name":"southamerica-east1-sendPushNotification"},"extension":{},"message":"Beginning execution of \"southamerica-east1-sendPushNotification\""}}
[debug] [2026-03-26T18:16:14.617Z] [worker-southamerica-east1-sendPushNotification-c3edae93-5915-4336-8a4b-74dc9dc28549]: BUSY {"metadata":{"emulator":{"name":"functions"},"function":{"name":"southamerica-east1-sendPushNotification"},"extension":{},"message":"[worker-southamerica-east1-sendPushNotification-c3edae93-5915-4336-8a4b-74dc9dc28549]: BUSY"}}
[debug] [2026-03-26T18:16:14.626Z] Finishing up request with event=pause {"metadata":{"emulator":{"name":"functions"},"function":{"name":"southamerica-east1-sendPushNotification"},"extension":{},"message":"Finishing up request with event=pause"}}
[info] i  functions: Finished "southamerica-east1-sendPushNotification" in 9.243757ms {"metadata":{"emulator":{"name":"functions"},"function":{"name":"southamerica-east1-sendPushNotification"},"extension":{},"message":"Finished \"southamerica-east1-sendPushNotification\" in 9.243757ms"}}
[debug] [2026-03-26T18:16:14.626Z] [worker-southamerica-east1-sendPushNotification-c3edae93-5915-4336-8a4b-74dc9dc28549]: IDLE {"metadata":{"emulator":{"name":"functions"},"function":{"name":"southamerica-east1-sendPushNotification"},"extension":{},"message":"[worker-southamerica-east1-sendPushNotification-c3edae93-5915-4336-8a4b-74dc9dc28549]: IDLE"}}
[debug] [2026-03-26T18:16:14.626Z] Finishing up request with event=finish {"metadata":{"emulator":{"name":"functions"},"function":{"name":"southamerica-east1-sendPushNotification"},"extension":{},"message":"Finishing up request with event=finish"}}
[debug] [2026-03-26T18:16:14.626Z] Finishing up request with event=close {"metadata":{"emulator":{"name":"functions"},"function":{"name":"southamerica-east1-sendPushNotification"},"extension":{},"message":"Finishing up request with event=close"}}
[debug] [2026-03-26T18:16:14.626Z] [work-queue] {"queuedWork":[],"queueLength":0,"runningWork":[],"workRunningCount":0}
[debug] [2026-03-26T18:16:14.662Z] Mar 26, 2026 3:16:14 PM io.gapi.emulators.netty.HttpVersionRoutingHandler channelRead
INFO: Detected non-HTTP/2 connection.
 {"metadata":{"emulator":{"name":"firestore"},"message":"Mar 26, 2026 3:16:14 PM io.gapi.emulators.netty.HttpVersionRoutingHandler channelRead\nINFO: Detected non-HTTP/2 connection.\n"}}
[debug] [2026-03-26T18:16:17.316Z] Mar 26, 2026 3:16:17 PM com.google.cloud.datastore.emulator.firestore.websocket.WebSocketChannelHandler channelClosed
INFO: Websocket client disconnected
 {"metadata":{"emulator":{"name":"firestore"},"message":"Mar 26, 2026 3:16:17 PM com.google.cloud.datastore.emulator.firestore.websocket.WebSocketChannelHandler channelClosed\nINFO: Websocket client disconnected\n"}}
[debug] [2026-03-26T18:16:17.318Z] Mar 26, 2026 3:16:17 PM com.google.cloud.datastore.emulator.firestore.websocket.WebSocketChannelHandler initChannel
INFO: Connected to new websocket client
 {"metadata":{"emulator":{"name":"firestore"},"message":"Mar 26, 2026 3:16:17 PM com.google.cloud.datastore.emulator.firestore.websocket.WebSocketChannelHandler initChannel\nINFO: Connected to new websocket client\n"}}
[debug] [2026-03-26T18:16:17.323Z] Mar 26, 2026 3:16:17 PM io.gapi.emulators.netty.HttpVersionRoutingHandler channelRead
INFO: Detected non-HTTP/2 connection.
 {"metadata":{"emulator":{"name":"firestore"},"message":"Mar 26, 2026 3:16:17 PM io.gapi.emulators.netty.HttpVersionRoutingHandler channelRead\nINFO: Detected non-HTTP/2 connection.\n"}}
[debug] [2026-03-26T18:16:17.331Z] Mar 26, 2026 3:16:17 PM com.google.cloud.datastore.emulator.firestore.webchannel.FirestoreV1WebChannelAdapter$FirestoreListenHandler onClose
INFO: channel closed
 {"metadata":{"emulator":{"name":"firestore"},"message":"Mar 26, 2026 3:16:17 PM com.google.cloud.datastore.emulator.firestore.webchannel.FirestoreV1WebChannelAdapter$FirestoreListenHandler onClose\nINFO: channel closed\n"}}
[debug] [2026-03-26T18:16:17.347Z] Mar 26, 2026 3:16:17 PM io.gapi.emulators.netty.HttpVersionRoutingHandler channelRead
INFO: Detected non-HTTP/2 connection.
 {"metadata":{"emulator":{"name":"firestore"},"message":"Mar 26, 2026 3:16:17 PM io.gapi.emulators.netty.HttpVersionRoutingHandler channelRead\nINFO: Detected non-HTTP/2 connection.\n"}}
[debug] [2026-03-26T18:16:17.362Z] Mar 26, 2026 3:16:17 PM io.gapi.emulators.netty.HttpVersionRoutingHandler channelRead
INFO: Detected non-HTTP/2 connection.
 {"metadata":{"emulator":{"name":"firestore"},"message":"Mar 26, 2026 3:16:17 PM io.gapi.emulators.netty.HttpVersionRoutingHandler channelRead\nINFO: Detected non-HTTP/2 connection.\n"}}
[debug] [2026-03-26T18:16:17.377Z] Mar 26, 2026 3:16:17 PM io.gapi.emulators.netty.HttpVersionRoutingHandler channelRead
INFO: Detected non-HTTP/2 connection.
 {"metadata":{"emulator":{"name":"firestore"},"message":"Mar 26, 2026 3:16:17 PM io.gapi.emulators.netty.HttpVersionRoutingHandler channelRead\nINFO: Detected non-HTTP/2 connection.\n"}}
[debug] [2026-03-26T18:16:18.562Z] Mar 26, 2026 3:16:18 PM com.google.cloud.datastore.emulator.firestore.websocket.WebSocketChannelHandler channelClosed
INFO: Websocket client disconnected
 {"metadata":{"emulator":{"name":"firestore"},"message":"Mar 26, 2026 3:16:18 PM com.google.cloud.datastore.emulator.firestore.websocket.WebSocketChannelHandler channelClosed\nINFO: Websocket client disconnected\n"}}
[debug] [2026-03-26T18:16:18.572Z] Mar 26, 2026 3:16:18 PM io.gapi.emulators.netty.HttpVersionRoutingHandler channelRead
INFO: Detected non-HTTP/2 connection.
 {"metadata":{"emulator":{"name":"firestore"},"message":"Mar 26, 2026 3:16:18 PM io.gapi.emulators.netty.HttpVersionRoutingHandler channelRead\nINFO: Detected non-HTTP/2 connection.\n"}}
[debug] [2026-03-26T18:16:18.786Z] Mar 26, 2026 3:16:18 PM com.google.cloud.datastore.emulator.firestore.websocket.WebSocketChannelHandler initChannel
INFO: Connected to new websocket client
 {"metadata":{"emulator":{"name":"firestore"},"message":"Mar 26, 2026 3:16:18 PM com.google.cloud.datastore.emulator.firestore.websocket.WebSocketChannelHandler initChannel\nINFO: Connected to new websocket client\n"}}
[debug] [2026-03-26T18:16:18.818Z] Mar 26, 2026 3:16:18 PM io.gapi.emulators.netty.HttpVersionRoutingHandler channelRead
INFO: Detected non-HTTP/2 connection.
 {"metadata":{"emulator":{"name":"firestore"},"message":"Mar 26, 2026 3:16:18 PM io.gapi.emulators.netty.HttpVersionRoutingHandler channelRead\nINFO: Detected non-HTTP/2 connection.\n"}}
[debug] [2026-03-26T18:16:18.848Z] Mar 26, 2026 3:16:18 PM io.gapi.emulators.netty.HttpVersionRoutingHandler channelRead
INFO: Detected non-HTTP/2 connection.
 {"metadata":{"emulator":{"name":"firestore"},"message":"Mar 26, 2026 3:16:18 PM io.gapi.emulators.netty.HttpVersionRoutingHandler channelRead\nINFO: Detected non-HTTP/2 connection.\n"}}
[debug] [2026-03-26T18:16:18.884Z] Mar 26, 2026 3:16:18 PM io.gapi.emulators.netty.HttpVersionRoutingHandler channelRead
INFO: Detected non-HTTP/2 connection.
 {"metadata":{"emulator":{"name":"firestore"},"message":"Mar 26, 2026 3:16:18 PM io.gapi.emulators.netty.HttpVersionRoutingHandler channelRead\nINFO: Detected non-HTTP/2 connection.\n"}}
[debug] [2026-03-26T18:16:19.671Z] Mar 26, 2026 3:16:19 PM io.gapi.emulators.netty.HttpVersionRoutingHandler channelRead
INFO: Detected non-HTTP/2 connection.
 {"metadata":{"emulator":{"name":"firestore"},"message":"Mar 26, 2026 3:16:19 PM io.gapi.emulators.netty.HttpVersionRoutingHandler channelRead\nINFO: Detected non-HTTP/2 connection.\n"}}
[debug] [2026-03-26T18:16:19.726Z] Mar 26, 2026 3:16:19 PM io.gapi.emulators.netty.HttpVersionRoutingHandler channelRead
INFO: Detected non-HTTP/2 connection.
 {"metadata":{"emulator":{"name":"firestore"},"message":"Mar 26, 2026 3:16:19 PM io.gapi.emulators.netty.HttpVersionRoutingHandler channelRead\nINFO: Detected non-HTTP/2 connection.\n"}}
[debug] [2026-03-26T18:16:22.568Z] Mar 26, 2026 3:16:22 PM io.gapi.emulators.netty.HttpVersionRoutingHandler channelRead
INFO: Detected non-HTTP/2 connection.
 {"metadata":{"emulator":{"name":"firestore"},"message":"Mar 26, 2026 3:16:22 PM io.gapi.emulators.netty.HttpVersionRoutingHandler channelRead\nINFO: Detected non-HTTP/2 connection.\n"}}
[debug] [2026-03-26T18:17:01.132Z] Mar 26, 2026 3:17:01 PM io.gapi.emulators.netty.HttpVersionRoutingHandler channelRead
INFO: Detected non-HTTP/2 connection.
 {"metadata":{"emulator":{"name":"firestore"},"message":"Mar 26, 2026 3:17:01 PM io.gapi.emulators.netty.HttpVersionRoutingHandler channelRead\nINFO: Detected non-HTTP/2 connection.\n"}}
[debug] [2026-03-26T18:17:09.434Z] Mar 26, 2026 3:17:09 PM io.gapi.emulators.netty.HttpVersionRoutingHandler channelRead
INFO: Detected non-HTTP/2 connection.
 {"metadata":{"emulator":{"name":"firestore"},"message":"Mar 26, 2026 3:17:09 PM io.gapi.emulators.netty.HttpVersionRoutingHandler channelRead\nINFO: Detected non-HTTP/2 connection.\n"}}
[debug] [2026-03-26T18:17:16.713Z] Mar 26, 2026 3:17:16 PM io.gapi.emulators.netty.HttpVersionRoutingHandler channelRead
INFO: Detected non-HTTP/2 connection.
 {"metadata":{"emulator":{"name":"firestore"},"message":"Mar 26, 2026 3:17:16 PM io.gapi.emulators.netty.HttpVersionRoutingHandler channelRead\nINFO: Detected non-HTTP/2 connection.\n"}}
[debug] [2026-03-26T18:17:16.717Z] Mar 26, 2026 3:17:16 PM com.google.cloud.datastore.emulator.firestore.webchannel.FirestoreV1WebChannelAdapter$FirestoreWriteHandler onClose
INFO: channel closed
 {"metadata":{"emulator":{"name":"firestore"},"message":"Mar 26, 2026 3:17:16 PM com.google.cloud.datastore.emulator.firestore.webchannel.FirestoreV1WebChannelAdapter$FirestoreWriteHandler onClose\nINFO: channel closed\n"}}
[debug] [2026-03-26T18:17:55.510Z] Mar 26, 2026 3:17:55 PM io.gapi.emulators.netty.HttpVersionRoutingHandler channelRead
INFO: Detected non-HTTP/2 connection.
 {"metadata":{"emulator":{"name":"firestore"},"message":"Mar 26, 2026 3:17:55 PM io.gapi.emulators.netty.HttpVersionRoutingHandler channelRead\nINFO: Detected non-HTTP/2 connection.\n"}}
[debug] [2026-03-26T18:18:41.614Z] Mar 26, 2026 3:18:41 PM io.gapi.emulators.netty.HttpVersionRoutingHandler channelRead
INFO: Detected non-HTTP/2 connection.
 {"metadata":{"emulator":{"name":"firestore"},"message":"Mar 26, 2026 3:18:41 PM io.gapi.emulators.netty.HttpVersionRoutingHandler channelRead\nINFO: Detected non-HTTP/2 connection.\n"}}
[debug] [2026-03-26T18:19:27.727Z] Mar 26, 2026 3:19:27 PM io.gapi.emulators.netty.HttpVersionRoutingHandler channelRead
INFO: Detected non-HTTP/2 connection.
 {"metadata":{"emulator":{"name":"firestore"},"message":"Mar 26, 2026 3:19:27 PM io.gapi.emulators.netty.HttpVersionRoutingHandler channelRead\nINFO: Detected non-HTTP/2 connection.\n"}}
[debug] [2026-03-26T18:20:00.064Z] Mar 26, 2026 3:20:00 PM io.gapi.emulators.netty.HttpVersionRoutingHandler channelRead
INFO: Detected non-HTTP/2 connection.
 {"metadata":{"emulator":{"name":"firestore"},"message":"Mar 26, 2026 3:20:00 PM io.gapi.emulators.netty.HttpVersionRoutingHandler channelRead\nINFO: Detected non-HTTP/2 connection.\n"}}
[debug] [2026-03-26T18:20:00.247Z] Mar 26, 2026 3:20:00 PM io.gapi.emulators.netty.HttpVersionRoutingHandler channelRead
INFO: Detected non-HTTP/2 connection.
 {"metadata":{"emulator":{"name":"firestore"},"message":"Mar 26, 2026 3:20:00 PM io.gapi.emulators.netty.HttpVersionRoutingHandler channelRead\nINFO: Detected non-HTTP/2 connection.\n"}}
[debug] [2026-03-26T18:20:01.047Z] Mar 26, 2026 3:20:01 PM io.gapi.emulators.netty.HttpVersionRoutingHandler channelRead
INFO: Detected non-HTTP/2 connection.
 {"metadata":{"emulator":{"name":"firestore"},"message":"Mar 26, 2026 3:20:01 PM io.gapi.emulators.netty.HttpVersionRoutingHandler channelRead\nINFO: Detected non-HTTP/2 connection.\n"}}
[debug] [2026-03-26T18:20:01.057Z] Mar 26, 2026 3:20:01 PM io.gapi.emulators.netty.HttpVersionRoutingHandler channelRead
INFO: Detected non-HTTP/2 connection.
 {"metadata":{"emulator":{"name":"firestore"},"message":"Mar 26, 2026 3:20:01 PM io.gapi.emulators.netty.HttpVersionRoutingHandler channelRead\nINFO: Detected non-HTTP/2 connection.\n"}}
[debug] [2026-03-26T18:20:02.080Z] Mar 26, 2026 3:20:02 PM io.gapi.emulators.netty.HttpVersionRoutingHandler channelRead
INFO: Detected non-HTTP/2 connection.
 {"metadata":{"emulator":{"name":"firestore"},"message":"Mar 26, 2026 3:20:02 PM io.gapi.emulators.netty.HttpVersionRoutingHandler channelRead\nINFO: Detected non-HTTP/2 connection.\n"}}
[debug] [2026-03-26T18:20:02.089Z] Mar 26, 2026 3:20:02 PM io.gapi.emulators.netty.HttpVersionRoutingHandler channelRead
INFO: Detected non-HTTP/2 connection.
 {"metadata":{"emulator":{"name":"firestore"},"message":"Mar 26, 2026 3:20:02 PM io.gapi.emulators.netty.HttpVersionRoutingHandler channelRead\nINFO: Detected non-HTTP/2 connection.\n"}}
[debug] [2026-03-26T18:20:03.120Z] Mar 26, 2026 3:20:03 PM io.gapi.emulators.netty.HttpVersionRoutingHandler channelRead
INFO: Detected non-HTTP/2 connection.
 {"metadata":{"emulator":{"name":"firestore"},"message":"Mar 26, 2026 3:20:03 PM io.gapi.emulators.netty.HttpVersionRoutingHandler channelRead\nINFO: Detected non-HTTP/2 connection.\n"}}
[debug] [2026-03-26T18:20:13.799Z] Mar 26, 2026 3:20:13 PM io.gapi.emulators.netty.HttpVersionRoutingHandler channelRead
INFO: Detected non-HTTP/2 connection.
 {"metadata":{"emulator":{"name":"firestore"},"message":"Mar 26, 2026 3:20:13 PM io.gapi.emulators.netty.HttpVersionRoutingHandler channelRead\nINFO: Detected non-HTTP/2 connection.\n"}}
[debug] [2026-03-26T18:20:49.483Z] Mar 26, 2026 3:20:49 PM io.gapi.emulators.netty.HttpVersionRoutingHandler channelRead
INFO: Detected non-HTTP/2 connection.
 {"metadata":{"emulator":{"name":"firestore"},"message":"Mar 26, 2026 3:20:49 PM io.gapi.emulators.netty.HttpVersionRoutingHandler channelRead\nINFO: Detected non-HTTP/2 connection.\n"}}
[debug] [2026-03-26T18:20:59.822Z] Mar 26, 2026 3:20:59 PM io.gapi.emulators.netty.HttpVersionRoutingHandler channelRead
INFO: Detected non-HTTP/2 connection.
 {"metadata":{"emulator":{"name":"firestore"},"message":"Mar 26, 2026 3:20:59 PM io.gapi.emulators.netty.HttpVersionRoutingHandler channelRead\nINFO: Detected non-HTTP/2 connection.\n"}}
[debug] [2026-03-26T18:21:03.596Z] Mar 26, 2026 3:21:03 PM io.gapi.emulators.netty.HttpVersionRoutingHandler channelRead
INFO: Detected non-HTTP/2 connection.
 {"metadata":{"emulator":{"name":"firestore"},"message":"Mar 26, 2026 3:21:03 PM io.gapi.emulators.netty.HttpVersionRoutingHandler channelRead\nINFO: Detected non-HTTP/2 connection.\n"}}
[debug] [2026-03-26T18:21:03.602Z] Mar 26, 2026 3:21:03 PM com.google.cloud.datastore.emulator.firestore.webchannel.FirestoreV1WebChannelAdapter$FirestoreListenHandler onClose
INFO: channel closed
 {"metadata":{"emulator":{"name":"firestore"},"message":"Mar 26, 2026 3:21:03 PM com.google.cloud.datastore.emulator.firestore.webchannel.FirestoreV1WebChannelAdapter$FirestoreListenHandler onClose\nINFO: channel closed\n"}}
[debug] [2026-03-26T18:21:45.850Z] Mar 26, 2026 3:21:45 PM io.gapi.emulators.netty.HttpVersionRoutingHandler channelRead
INFO: Detected non-HTTP/2 connection.
 {"metadata":{"emulator":{"name":"firestore"},"message":"Mar 26, 2026 3:21:45 PM io.gapi.emulators.netty.HttpVersionRoutingHandler channelRead\nINFO: Detected non-HTTP/2 connection.\n"}}
[debug] [2026-03-26T18:22:31.878Z] Mar 26, 2026 3:22:31 PM io.gapi.emulators.netty.HttpVersionRoutingHandler channelRead
INFO: Detected non-HTTP/2 connection.
 {"metadata":{"emulator":{"name":"firestore"},"message":"Mar 26, 2026 3:22:31 PM io.gapi.emulators.netty.HttpVersionRoutingHandler channelRead\nINFO: Detected non-HTTP/2 connection.\n"}}
[debug] [2026-03-26T18:23:18.890Z] Mar 26, 2026 3:23:18 PM io.gapi.emulators.netty.HttpVersionRoutingHandler channelRead
INFO: Detected non-HTTP/2 connection.
 {"metadata":{"emulator":{"name":"firestore"},"message":"Mar 26, 2026 3:23:18 PM io.gapi.emulators.netty.HttpVersionRoutingHandler channelRead\nINFO: Detected non-HTTP/2 connection.\n"}}
[debug] [2026-03-26T18:24:04.915Z] Mar 26, 2026 3:24:04 PM io.gapi.emulators.netty.HttpVersionRoutingHandler channelRead
INFO: Detected non-HTTP/2 connection.
 {"metadata":{"emulator":{"name":"firestore"},"message":"Mar 26, 2026 3:24:04 PM io.gapi.emulators.netty.HttpVersionRoutingHandler channelRead\nINFO: Detected non-HTTP/2 connection.\n"}}
